Date,Impressions,CTR,Clicks,CPC,Cost,ROI,Revenue,Device
2023-01-01,8236907,0.141,1161403,2.285,2653805.855,1.032,2738727.642,Desktop
2023-01-01,5892030,0.516,3040287,0.508,1544465.796,1.09,1683467.718,Mobile
2023-01-02,4495985,0.117,526030,2.122,1116235.66,1.256,1401991.989,Mobile
2023-01-03,5428565,0.424,2301711,2.296,5284728.456,1.452,7673425.718,Desktop
2023-01-03,7759550,0.038,294862,1.038,306066.756,0.989,302700.022,Desktop
2023-01-04,185377,0.491,91020,1.735,157919.7,0.859,135653.022,Mobile
2023-01-05,8334279,0.867,7225819,1.394,10072791.686,0.825,8310053.141,Desktop
2023-01-06,5292945,0.273,1444973,0.343,495625.739,1.021,506033.88,Mobile
2023-01-06,9072322,0.375,3402120,0.301,1024038.12,1.003,1027110.234,Mobile
2023-01-07,4472426,0.217,970516,0.114,110638.824,1.101,121813.345,Desktop
2023-01-08,8057898,0.684,5511602,1.435,7909148.87,1.272,10060437.363,Mobile
2023-01-09,497834,0.357,177726,0.2,35545.2,1.117,39703.988,Mobile
2023-01-09,2077902,0.686,1425440,1.661,2367655.84,1.229,2909849.027,Mobile
2023-01-10,5892619,0.494,2910953,0.947,2756672.491,1.134,3126066.605,Desktop
2023-01-11,683772,0.986,674199,0.307,206979.093,1.351,279628.755,Mobile
2023-01-11,7413230,0.696,5159608,1.625,8384363.0,1.128,9457561.464,Desktop
2023-01-12,1593656,0.011,17530,1.733,30379.49,0.942,28617.48,Desktop
2023-01-13,5776098,0.921,5319786,1.099,5846444.814,1.263,7384059.8,Desktop
2023-01-14,3235024,0.392,1268129,2.315,2935718.635,1.221,3584512.453,Desktop
2023-01-14,4611785,0.411,1895443,1.177,2230936.411,1.297,2893524.525,Mobile
2023-01-15,9501144,0.046,437052,2.274,993856.248,1.326,1317853.385,Desktop
2023-01-16,5562322,0.626,3482013,1.564,5445868.332,0.911,4961186.05,Mobile
2023-01-17,2233533,0.908,2028047,2.291,4646255.677,0.807,3749528.331,Mobile
2023-01-17,5458335,0.714,3897251,2.303,8975369.053,1.363,12233428.019,Mobile
2023-01-18,5842857,0.805,4703499,0.756,3555845.244,1.296,4608375.436,Desktop
2023-01-19,4069191,0.96,3906423,2.107,8230833.261,1.54,12675483.222,Mobile
2023-01-19,9262479,0.018,166724,1.374,229078.776,1.515,347054.346,Mobile
2023-01-20,1080181,0.034,36726,0.574,21080.724,1.465,30883.261,Mobile
2023-01-21,4570946,0.969,4429246,1.036,4588698.856,0.872,4001345.402,Desktop
2023-01-22,7049516,0.664,4680878,1.394,6525143.932,1.264,8247781.93,Desktop
2023-01-22,9269856,0.836,7749599,2.156,16708135.444,1.238,20684671.68,Mobile
2023-01-23,3960257,0.622,2463279,0.45,1108475.55,1.055,1169441.705,Desktop
2023-01-24,7554040,0.293,2213333,1.029,2277519.657,1.232,2805904.217,Mobile
2023-01-25,5403094,0.455,2458407,0.115,282716.805,0.925,261513.045,Desktop
2023-01-25,3442123,0.303,1042963,0.851,887561.513,1.121,994956.456,Desktop
2023-01-26,3787589,0.923,3495944,0.888,3104398.272,1.416,4395827.953,Mobile
2023-01-27,5375711,0.92,4945654,0.488,2413479.152,1.089,2628278.797,Desktop
2023-01-28,4202104,0.003,12606,1.993,25123.758,1.285,32284.029,Mobile
2023-01-28,5212062,0.327,1704344,1.599,2725246.056,0.847,2308283.409,Desktop
2023-01-29,5958613,0.612,3646671,2.212,8066436.252,1.0,8066436.252,Desktop
2023-01-30,6728645,0.051,343160,1.855,636561.8,1.151,732682.632,Mobile
2023-01-30,6259548,0.284,1777711,0.394,700418.134,0.99,693413.953,Desktop
2023-01-31,304940,0.277,84468,2.349,198415.332,1.188,235717.414,Desktop
2023-02-01,9562378,0.393,3758014,1.006,3780562.084,1.481,5599012.446,Mobile
2023-02-02,1757287,0.718,1261732,1.582,1996060.024,1.42,2834405.234,Desktop
2023-02-02,5172818,0.424,2193274,1.085,2379702.29,1.294,3079334.763,Desktop
2023-02-03,3671223,0.376,1380379,2.057,2839439.603,1.27,3606088.296,Desktop
2023-02-04,7176090,0.711,5102199,2.0,10204398.0,0.863,8806395.474,Mobile
2023-02-05,1394486,0.234,326309,0.258,84187.722,0.867,72990.755,Desktop
2023-02-05,817689,0.926,757180,0.486,367989.48,1.159,426499.807,Desktop
2023-02-06,8595634,0.732,6292004,1.54,9689686.16,0.781,7567644.891,Mobile
2023-02-07,3728,0.882,3288,0.818,2689.584,0.907,2439.453,Mobile
2023-02-07,2279952,0.196,446870,1.928,861565.36,0.912,785747.608,Mobile
2023-02-08,6051834,0.004,24207,2.216,53642.712,1.054,56539.418,Desktop
2023-02-09,3462337,0.435,1506116,0.644,969938.704,1.491,1446178.608,Desktop
2023-02-10,9671592,0.417,4033053,1.406,5670472.518,1.097,6220508.352,Desktop
2023-02-10,3360071,0.486,1632994,1.308,2135956.152,1.288,2751111.524,Mobile
2023-02-11,8385258,0.809,6783673,1.929,13085705.217,0.769,10062907.312,Desktop
2023-02-12,861088,0.698,601039,1.27,763319.53,1.304,995368.667,Mobile
2023-02-13,5043665,0.457,2304954,1.247,2874277.638,1.134,3259430.841,Desktop
2023-02-13,8993631,0.314,2824000,1.463,4131512.0,1.044,4313298.528,Mobile
2023-02-14,8462187,0.464,3926454,2.168,8512552.272,0.876,7456995.79,Desktop
2023-02-15,1011523,0.739,747515,0.764,571101.46,0.827,472300.907,Mobile
2023-02-16,6016750,0.509,3062525,0.659,2018203.975,0.834,1683182.115,Desktop
2023-02-16,3868493,0.788,3048372,1.07,3261758.04,1.247,4067412.276,Mobile
2023-02-17,9858662,0.671,6615162,1.033,6833462.346,1.458,9963188.1,Mobile
2023-02-18,51317,0.356,18268,1.978,36134.104,0.998,36061.836,Mobile
2023-02-18,7831780,0.734,5748526,1.133,6513079.958,1.068,6955969.395,Mobile
2023-02-19,4437104,0.979,4343924,2.22,9643511.28,0.772,7444790.708,Desktop
2023-02-20,9495281,0.404,3836093,1.167,4476720.531,0.942,4217070.74,Mobile
2023-02-21,6970942,0.971,6768784,0.347,2348768.048,1.481,3478525.479,Mobile
2023-02-21,8028096,0.347,2785749,0.168,468005.832,1.084,507318.322,Mobile
2023-02-22,6422342,0.522,3352462,1.0,3352462.0,1.36,4559348.32,Mobile
2023-02-23,4692675,0.525,2463654,2.271,5594958.234,1.028,5751617.065,Desktop
2023-02-24,7214977,0.715,5158708,0.541,2790861.028,1.441,4021630.741,Mobile
2023-02-24,9804336,0.745,7304230,1.231,8991507.13,0.902,8110339.431,Mobile
2023-02-25,103912,0.286,29718,1.417,42110.406,1.137,47879.532,Mobile
2023-02-26,9389858,0.537,5042353,1.015,5117988.295,0.996,5097516.342,Desktop
2023-02-26,1582753,0.202,319716,1.661,531048.276,0.941,499716.428,Desktop
2023-02-27,4709845,0.415,1954585,2.083,4071400.555,1.028,4185399.771,Mobile
2023-02-28,7658030,0.107,819409,1.453,1190601.277,0.926,1102496.783,Mobile
2023-03-01,5525315,0.053,292841,1.657,485237.537,1.478,717181.08,Mobile
2023-03-01,2176591,0.664,1445256,1.723,2490176.088,0.868,2161472.844,Desktop
2023-03-02,2820162,0.291,820667,0.402,329908.134,1.463,482655.6,Mobile
2023-03-03,6868780,0.097,666271,1.283,854825.693,1.447,1236932.778,Desktop
2023-03-04,9404130,0.394,3705227,1.812,6713871.324,1.372,9211431.457,Mobile
2023-03-04,8398142,0.447,3753969,2.154,8086049.226,1.076,8700588.967,Desktop
2023-03-05,5551599,0.493,2736938,0.466,1275413.108,0.969,1235875.302,Mobile
2023-03-06,3855486,0.171,659288,1.118,737083.984,0.995,733398.564,Mobile
2023-03-07,2052835,0.202,414672,0.835,346251.12,1.262,436968.913,Desktop
2023-03-07,3404478,0.795,2706560,0.45,1217952.0,1.308,1593081.216,Mobile
2023-03-08,9220624,0.367,3383969,0.52,1759663.88,0.787,1384855.474,Mobile
2023-03-09,7748568,0.375,2905713,1.034,3004507.242,0.848,2547822.141,Mobile
2023-03-09,7712033,0.072,555266,1.835,1018913.11,0.849,865057.23,Desktop
2023-03-10,6553023,0.838,5491433,1.683,9242081.739,0.841,7772590.742,Mobile
2023-03-11,1198875,0.899,1077788,0.16,172446.08,1.164,200727.237,Mobile
2023-03-12,4756615,0.668,3177418,2.026,6437448.868,1.459,9392237.898,Mobile
2023-03-12,7749518,0.636,4928693,1.037,5111054.641,1.471,7518361.377,Desktop
2023-03-13,6955211,0.024,166925,2.187,365064.975,1.488,543216.683,Desktop
2023-03-14,242314,0.85,205966,1.225,252308.35,1.493,376696.367,Desktop
2023-03-15,5598008,0.367,2054468,0.443,910129.324,1.315,1196820.061,Mobile
2023-03-15,3437796,0.31,1065716,1.728,1841557.248,1.403,2583704.819,Desktop
2023-03-16,9279032,0.184,1707341,0.977,1668072.157,1.052,1754811.909,Desktop
2023-03-17,9892042,0.65,6429827,1.643,10564205.761,1.207,12750996.354,Desktop
2023-03-17,9066388,0.504,4569459,1.676,7658413.284,1.502,11502936.753,Mobile
2023-03-18,7716261,0.792,6111278,1.238,7565762.164,0.9,6809185.948,Mobile
2023-03-19,4096084,0.568,2326575,1.007,2342861.025,0.842,1972688.983,Desktop
2023-03-20,250727,0.071,17801,1.764,31400.964,0.946,29705.312,Desktop
2023-03-20,8101418,0.04,324056,0.885,286789.56,1.54,441655.922,Desktop
2023-03-21,6482703,0.381,2469909,0.912,2252557.008,0.81,1824571.176,Mobile
2023-03-22,8545961,0.279,2384323,1.354,3228373.342,1.382,4461611.959,Desktop
2023-03-23,1994063,0.729,1453671,0.19,276197.49,1.1,303817.239,Mobile
2023-03-23,1312640,0.383,502741,1.939,974814.799,1.332,1298453.312,Desktop
2023-03-24,2660886,0.344,915344,0.51,466825.44,0.976,455621.629,Desktop
2023-03-25,1528204,0.243,371353,1.176,436711.128,1.165,508768.464,Mobile
2023-03-26,5972793,0.161,961619,2.048,1969395.712,1.511,2975756.921,Mobile
2023-03-26,8917579,0.121,1079027,1.024,1104923.648,1.371,1514850.321,Mobile
2023-03-27,9729382,0.275,2675580,1.749,4679589.42,0.987,4618754.758,Mobile
2023-03-28,2786060,0.961,2677403,1.566,4192813.098,0.751,3148802.637,Desktop
2023-03-28,8744655,0.063,550913,0.756,416490.228,1.19,495623.371,Mobile
2023-03-29,3369755,0.996,3356275,1.675,5621760.625,1.502,8443884.459,Desktop
2023-03-30,5809507,0.381,2213422,1.309,2897369.398,0.836,2422200.817,Desktop
2023-03-31,8621867,0.811,6992334,1.084,7579690.056,1.457,11043608.412,Desktop
2023-03-31,6602506,0.084,554610,2.323,1288359.03,1.009,1299954.261,Desktop
2023-04-01,8942101,0.683,6107454,0.834,5093616.636,1.467,7472335.605,Desktop
2023-04-02,36192,0.421,15236,0.903,13758.108,1.246,17142.603,Mobile
2023-04-03,2131889,0.409,871942,0.461,401965.262,0.795,319562.383,Desktop
2023-04-03,5295289,0.57,3018314,1.317,3975119.538,1.118,4444183.643,Mobile
2023-04-04,404615,0.568,229821,1.517,348638.457,1.113,388034.603,Mobile
2023-04-05,9726713,0.074,719776,0.284,204416.384,1.231,251636.569,Mobile
2023-04-05,8276303,0.789,6530003,0.214,1397420.642,1.239,1731404.175,Desktop
2023-04-06,9559736,0.498,4760748,0.814,3875248.872,1.19,4611546.158,Desktop
2023-04-07,6597179,0.457,3014910,0.341,1028084.31,1.429,1469132.479,Mobile
2023-04-08,9395271,0.161,1512638,0.133,201180.854,1.205,242422.929,Mobile
2023-04-08,619968,0.281,174211,0.848,147730.928,1.089,160878.981,Mobile
2023-04-09,5541205,0.432,2393800,1.108,2652330.4,1.198,3177491.819,Mobile
2023-04-10,2543639,0.358,910622,1.576,1435140.272,1.386,1989104.417,Desktop
2023-04-11,2667071,0.681,1816275,0.492,893607.3,1.226,1095562.55,Desktop
2023-04-11,742801,0.39,289692,1.202,348209.784,1.07,372584.469,Desktop
2023-04-12,128816,0.433,55777,1.012,56446.324,1.503,84838.825,Mobile
2023-04-13,3470114,0.259,898759,0.485,435898.115,1.435,625513.795,Desktop
2023-04-14,493533,0.479,236402,2.199,519847.998,0.816,424195.966,Mobile
2023-04-14,3569628,0.765,2730765,0.498,1359920.97,1.036,1408878.125,Mobile
2023-04-15,2859840,0.094,268824,0.166,44624.784,1.323,59038.589,Desktop
2023-04-16,7587235,0.646,4901353,0.882,4322993.346,1.546,6683347.713,Mobile
2023-04-16,4656248,0.917,4269779,2.286,9760714.794,1.507,14709397.195,Mobile
2023-04-17,4624977,0.418,1933240,0.643,1243073.32,1.228,1526494.037,Mobile
2023-04-18,6490838,0.146,947662,2.209,2093385.358,1.26,2637665.551,Mobile
2023-04-19,937284,0.986,924162,1.434,1325248.308,1.445,1914983.805,Mobile
2023-04-19,6951470,0.042,291961,0.609,177804.249,1.406,249992.774,Desktop
2023-04-20,4554171,0.996,4535954,1.88,8527593.52,1.173,10002867.199,Mobile
2023-04-21,8265425,0.079,652968,1.05,685616.4,0.751,514897.916,Mobile
2023-04-22,5851115,0.739,4323973,1.762,7618840.426,1.486,11321596.873,Desktop
2023-04-22,8507708,0.097,825247,0.977,806266.319,1.444,1164248.565,Desktop
2023-04-23,9621994,0.669,6437113,1.25,8046391.25,1.406,11313226.098,Mobile
2023-04-24,7429463,0.468,3476988,0.722,2510385.336,0.86,2158931.389,Desktop
2023-04-24,9018143,0.005,45090,1.36,61322.4,1.147,70336.793,Desktop
2023-04-25,8744238,0.393,3436485,2.339,8037938.415,1.491,11984566.177,Desktop
2023-04-26,8364367,0.51,4265827,2.258,9632237.366,1.346,12964991.495,Mobile
2023-04-27,355142,0.416,147739,0.369,54515.691,0.987,53806.987,Desktop
2023-04-27,6676767,0.619,4132918,2.073,8567539.014,1.532,13125469.769,Mobile
2023-04-28,7471523,0.119,889111,1.83,1627073.13,0.967,1573379.717,Desktop
2023-04-29,8267566,0.231,1909807,1.905,3638182.335,0.807,2936013.144,Mobile
2023-04-30,9980954,0.121,1207695,1.014,1224602.73,0.817,1000500.43,Desktop
2023-04-30,6716229,0.847,5688645,2.011,11439865.095,1.455,16645003.713,Desktop
2023-05-01,956298,0.293,280195,1.421,398157.095,0.998,397360.781,Mobile
2023-05-02,2073367,0.878,1820416,0.597,1086788.352,1.348,1464990.698,Mobile
2023-05-03,3066920,0.888,2723424,0.501,1364435.424,1.439,1963422.575,Desktop
2023-05-03,9498834,0.939,8919405,2.143,19114284.915,1.357,25938084.63,Mobile
2023-05-04,3615064,0.751,2714913,1.508,4094088.804,1.105,4523968.128,Desktop
2023-05-05,4664350,0.758,3535577,0.693,2450154.861,1.319,3231754.262,Mobile
2023-05-05,4560399,0.687,3132994,2.241,7021039.554,1.149,8067174.448,Mobile
2023-05-06,3373003,0.038,128174,1.646,210974.404,1.194,251903.438,Mobile
2023-05-07,253894,0.417,105873,0.32,33879.36,0.776,26290.383,Desktop
2023-05-08,4309042,0.93,4007409,0.662,2652904.758,1.082,2870442.948,Mobile
2023-05-08,3227199,0.18,580895,0.149,86553.355,0.855,74003.119,Desktop
2023-05-09,6095942,0.894,5449772,0.208,1133552.576,1.004,1138086.786,Mobile
2023-05-10,589463,0.429,252879,0.393,99381.447,1.322,131382.273,Mobile
2023-05-11,9250422,0.848,7844357,1.698,13319718.186,0.87,11588154.822,Desktop
2023-05-11,1288367,0.409,526942,2.214,1166649.588,0.95,1108317.109,Mobile
2023-05-12,7548800,0.438,3306374,0.794,2625260.956,1.517,3982520.87,Desktop
2023-05-13,3989897,0.913,3642775,1.97,7176266.75,0.825,5920420.069,Desktop
2023-05-13,4122660,0.782,3223920,1.859,5993267.28,1.449,8684244.289,Mobile
2023-05-14,8226582,0.891,7329884,2.081,15253488.604,0.95,14490814.174,Mobile
2023-05-15,4651202,0.024,111628,0.131,14623.268,1.048,15325.185,Mobile
2023-05-16,2189234,0.037,81001,1.6,129601.6,1.271,164723.634,Desktop
2023-05-16,223695,0.881,197075,2.008,395726.6,1.054,417095.836,Desktop
2023-05-17,8080455,0.398,3216021,1.904,6123303.984,1.027,6288633.192,Desktop
2023-05-18,9541984,0.487,4646946,1.066,4953644.436,1.44,7133247.988,Desktop
2023-05-19,145693,0.053,7721,1.177,9087.617,0.868,7888.052,Desktop
2023-05-19,6189775,0.154,953225,2.084,1986520.9,0.895,1777936.206,Mobile
2023-05-20,9855938,0.363,3577705,1.213,4339756.165,1.479,6418499.368,Mobile
2023-05-21,9622125,0.72,6927930,0.194,1344018.42,1.117,1501268.575,Mobile
2023-05-22,4317383,0.057,246090,0.581,142978.29,1.165,166569.708,Desktop
2023-05-22,7372578,0.952,7018694,0.483,3390029.202,0.795,2695073.216,Desktop
2023-05-23,5533413,0.632,3497117,1.849,6466169.333,0.855,5528574.78,Mobile
2023-05-24,657322,0.097,63760,0.745,47501.2,1.243,59043.992,Mobile
2023-05-24,8237595,0.967,7965754,0.906,7216973.124,1.178,8501594.34,Desktop
2023-05-25,9085979,0.464,4215894,2.226,9384580.044,1.447,13579487.324,Mobile
2023-05-26,3544135,0.443,1570051,0.662,1039373.762,0.944,981168.831,Mobile
2023-05-27,9973641,0.848,8457647,0.182,1539291.754,0.822,1265297.822,Mobile
2023-05-27,9855347,0.318,3134000,1.567,4910978.0,0.955,4689983.99,Mobile
2023-05-28,6276079,0.52,3263561,1.765,5760185.165,1.389,8000897.194,Mobile
2023-05-29,8535228,0.254,2167947,0.408,884522.376,1.328,1174645.715,Desktop
2023-05-30,1180242,0.162,191199,1.747,334024.653,0.917,306300.607,Mobile
2023-05-30,5726916,0.017,97357,1.732,168622.324,1.026,173006.504,Mobile
2023-05-31,4416136,0.692,3055966,1.794,5482403.004,0.858,4703901.777,Mobile
2023-06-01,8395479,0.937,7866563,1.279,10061334.077,1.446,14548689.075,Desktop
2023-06-01,6762553,0.743,5024576,1.114,5597377.664,1.482,8295313.698,Desktop
2023-06-02,6945946,0.262,1819837,1.598,2908099.526,1.321,3841599.474,Mobile
2023-06-03,6594562,0.01,65945,0.71,46820.95,1.498,70137.783,Desktop
2023-06-04,1967300,0.199,391492,0.759,297142.428,0.994,295359.573,Desktop
2023-06-04,7434904,0.757,5628222,1.016,5718273.552,0.968,5535288.798,Mobile
2023-06-05,183290,0.565,103558,0.548,56749.784,1.247,70766.981,Desktop
2023-06-06,5171754,0.799,4132231,1.494,6173553.114,1.244,7679900.074,Desktop
2023-06-07,8274021,0.209,1729270,1.456,2517817.12,0.78,1963897.354,Desktop
2023-06-07,8792580,0.698,6137220,0.229,1405423.38,1.015,1426504.731,Desktop
2023-06-08,1670032,0.112,187043,1.561,291974.123,0.783,228615.738,Mobile
2023-06-09,2771788,0.519,1438557,1.682,2419652.874,1.088,2632582.327,Mobile
2023-06-10,1751947,0.241,422219,0.761,321308.659,1.481,475858.124,Desktop
2023-06-10,4841260,0.012,58095,0.776,45081.72,0.779,35118.66,Desktop
2023-06-11,5860205,0.582,3410639,0.435,1483627.965,1.299,1927232.727,Desktop
2023-06-12,4251199,0.37,1572943,1.034,1626423.062,0.787,1279994.95,Desktop
2023-06-12,9500316,0.484,4598152,1.686,7752484.272,1.023,7930791.41,Mobile
2023-06-13,6627535,0.264,1749669,1.684,2946442.596,1.511,4452074.763,Desktop
2023-06-14,6687969,0.84,5617893,0.603,3387589.479,1.061,3594232.437,Desktop
2023-06-15,6827557,0.321,2191645,1.253,2746131.185,1.459,4006605.399,Mobile
2023-06-15,6150288,0.339,2084947,1.5,3127420.5,0.798,2495681.559,Mobile
2023-06-16,7005525,0.051,357281,2.152,768868.712,1.546,1188671.029,Desktop
2023-06-17,410131,0.969,397416,1.446,574663.536,0.919,528115.79,Desktop
2023-06-18,4868650,0.695,3383711,1.318,4459731.098,1.191,5311539.738,Mobile
2023-06-18,1736103,0.842,1461798,2.14,3128247.72,0.776,2427520.231,Desktop
2023-06-19,1997705,0.91,1817911,0.663,1205274.993,1.032,1243843.793,Desktop
2023-06-20,8056211,0.491,3955599,0.201,795075.399,0.888,706026.954,Desktop
2023-06-20,1239530,0.834,1033768,0.294,303927.792,1.342,407871.097,Desktop
2023-06-21,5914441,0.661,3909445,1.813,7087823.785,1.254,8888131.026,Desktop
2023-06-22,7979671,0.996,7947752,0.896,7121185.792,1.226,8730573.781,Desktop
2023-06-23,4568521,0.444,2028423,1.952,3959481.696,1.341,5309664.954,Desktop
2023-06-23,218188,0.803,175204,0.552,96712.608,0.931,90039.438,Mobile
2023-06-24,8067303,0.835,6736198,1.292,8703167.816,0.948,8250603.09,Desktop
2023-06-25,7069022,0.449,3173990,1.611,5113297.89,1.141,5834272.892,Mobile
2023-06-26,7826593,0.864,6762176,0.802,5423265.152,1.548,8395214.455,Mobile
2023-06-26,5741042,0.401,2302157,0.943,2170934.051,1.493,3241204.538,Mobile
2023-06-27,8146665,0.541,4407345,0.755,3327545.475,1.506,5011283.485,Mobile
2023-06-28,1282163,0.117,150013,1.66,249021.58,1.41,351120.428,Desktop
2023-06-29,5213195,0.811,4227901,0.943,3986910.643,1.188,4736449.844,Mobile
2023-06-29,8807755,0.373,3285292,2.061,6770986.812,1.43,9682511.141,Desktop
2023-06-30,2920435,0.95,2774413,1.368,3795396.984,0.887,3366517.125,Mobile
2023-07-01,4397698,0.015,65965,0.282,18602.13,1.515,28182.227,Mobile
2023-07-01,6507785,0.658,4282122,1.926,8247366.972,0.885,7298919.77,Desktop
2023-07-02,9010676,0.667,6010120,1.45,8714674.0,1.183,10309459.342,Mobile
2023-07-03,8095539,0.979,7925532,1.005,7965159.66,1.113,8865222.702,Mobile
2023-07-04,2880522,0.024,69132,1.474,101900.568,0.786,80093.846,Mobile
2023-07-04,5858820,0.045,263646,2.227,587139.642,1.323,776785.746,Desktop
2023-07-05,5060450,0.086,435198,2.265,985723.47,0.938,924608.615,Mobile
2023-07-06,3416063,0.912,3115449,0.33,1028098.17,1.183,1216240.135,Mobile
2023-07-07,2020481,0.814,1644671,0.302,496690.642,1.383,686923.158,Desktop
2023-07-07,6571113,0.061,400837,1.236,495434.532,1.027,508811.264,Desktop
2023-07-08,2186411,0.738,1613571,1.729,2789864.259,1.474,4112259.918,Desktop
2023-07-09,9626238,0.125,1203279,0.589,708731.331,1.006,712983.719,Mobile
2023-07-09,9825175,0.563,5531573,1.875,10371699.375,1.283,13306890.298,Mobile
2023-07-10,6391310,0.925,5911961,2.051,12125432.011,1.293,15678183.59,Mobile
2023-07-11,6960158,0.067,466330,1.096,511097.68,1.505,769202.008,Mobile
2023-07-12,1101482,0.95,1046407,2.105,2202686.735,0.951,2094755.085,Desktop
2023-07-12,499520,1.0,499520,2.192,1094947.84,1.334,1460660.419,Mobile
2023-07-13,3998740,0.926,3702833,1.958,7250147.014,1.02,7395149.954,Mobile
2023-07-14,6671262,0.8,5337009,1.65,8806064.85,1.311,11544751.018,Desktop
2023-07-15,5671355,0.473,2682550,0.13,348731.5,1.179,411154.438,Desktop
2023-07-15,1521835,0.167,254146,1.68,426965.28,1.47,627638.962,Desktop
2023-07-16,9458546,0.045,425634,1.17,497991.78,1.043,519405.427,Desktop
2023-07-17,9464375,0.8,7571500,1.463,11077104.5,1.336,14799011.612,Desktop
2023-07-18,6355976,0.329,2091116,1.553,3247503.148,1.194,3877518.759,Desktop
2023-07-18,3342712,0.042,140393,1.609,225892.337,1.539,347648.307,Mobile
2023-07-19,2353814,0.646,1520563,1.526,2320379.138,0.907,2104583.878,Mobile
2023-07-20,4357053,0.378,1646966,1.52,2503388.32,1.542,3860224.789,Desktop
2023-07-20,8912439,0.907,8083582,1.568,12675056.576,1.264,16021271.512,Mobile
2023-07-21,4934306,0.342,1687532,2.031,3427377.492,1.048,3591891.612,Desktop
2023-07-22,2915687,0.708,2064306,1.577,3255410.562,0.904,2942891.148,Mobile
2023-07-23,1509931,0.692,1044872,1.905,1990481.16,1.263,2513977.705,Mobile
2023-07-23,2379867,0.214,509291,2.056,1047102.296,1.061,1110975.536,Mobile
2023-07-24,7174827,0.715,5130001,1.006,5160781.006,0.978,5047243.824,Desktop
2023-07-25,7018683,0.419,2940828,0.299,879307.572,1.081,950531.485,Mobile
2023-07-26,5478811,0.4,2191524,1.574,3449458.776,1.245,4294576.176,Desktop
2023-07-26,5134416,0.101,518576,1.269,658072.944,0.921,606085.181,Mobile
2023-07-27,7305191,0.109,796265,2.03,1616417.95,1.181,1908989.599,Desktop
2023-07-28,2653950,0.169,448517,1.592,714039.064,0.947,676194.994,Mobile
2023-07-28,2154030,0.284,611744,1.471,899875.424,1.548,1393007.156,Mobile
2023-07-29,6994356,0.824,5763349,1.957,11278873.993,0.856,9654716.138,Mobile
2023-07-30,7956221,0.962,7653884,0.861,6589994.124,1.351,8903082.062,Desktop
2023-07-31,423716,0.895,379225,1.237,469101.325,1.129,529615.396,Mobile
2023-07-31,635027,0.229,145421,1.704,247797.384,1.431,354598.057,Desktop
2023-08-01,7538522,0.741,5586044,1.997,11155329.868,1.388,15483597.857,Mobile
2023-08-02,8791629,0.794,6980553,0.741,5172589.773,1.308,6765747.423,Desktop
2023-08-03,3499930,0.752,2631947,1.797,4729608.759,1.49,7047117.051,Desktop
2023-08-03,9606666,0.319,3064526,2.333,7149539.158,1.059,7571361.968,Desktop
2023-08-04,3303630,0.322,1063768,0.637,677620.216,1.226,830762.385,Desktop
2023-08-05,6512501,0.225,1465312,2.234,3273507.008,1.467,4802234.781,Mobile
2023-08-06,4746425,0.294,1395448,0.216,301416.768,1.136,342409.448,Desktop
2023-08-06,5371153,0.483,2594266,1.897,4921322.602,0.84,4133910.986,Mobile
2023-08-07,4521150,0.767,3467722,1.832,6352866.704,1.449,9205303.854,Desktop
2023-08-08,5402226,0.664,3587078,0.394,1413308.732,0.956,1351123.148,Desktop
2023-08-08,8016517,0.75,6012387,2.07,12445641.09,1.145,14250259.048,Mobile
2023-08-09,4686266,0.069,323352,0.681,220202.712,1.456,320615.149,Mobile
2023-08-10,6031571,0.804,4849383,2.155,10450420.365,0.875,9144117.819,Mobile
2023-08-11,6038803,0.705,4257356,2.214,9425786.184,1.446,13629686.822,Mobile
2023-08-11,8008480,0.937,7503945,0.968,7263818.76,0.818,5941803.746,Mobile
2023-08-12,1422392,0.757,1076750,0.731,787104.25,0.921,724923.014,Mobile
2023-08-13,4327098,0.162,700989,0.824,577614.936,1.317,760718.871,Desktop
2023-08-14,1061485,0.097,102964,0.569,58586.516,0.952,55774.363,Mobile
2023-08-14,5812086,0.61,3545372,1.302,4616074.344,1.082,4994592.44,Desktop
2023-08-15,2550699,0.794,2025255,1.346,2725993.23,0.806,2197150.543,Mobile
2023-08-16,5254028,0.557,2926493,0.306,895506.858,1.037,928640.612,Mobile
2023-08-16,2182655,0.48,1047674,2.162,2265071.188,1.328,3008014.538,Mobile
2023-08-17,65225,0.055,3587,0.535,1919.045,1.142,2191.549,Desktop
2023-08-18,312870,0.079,24716,1.357,33539.612,1.537,51550.384,Desktop
2023-08-19,3033013,0.698,2117043,1.596,3378800.628,0.963,3253785.005,Mobile
2023-08-19,4832398,0.149,720027,0.437,314651.799,0.858,269971.244,Mobile
2023-08-20,4759838,0.588,2798784,1.428,3996663.552,0.991,3960693.58,Mobile
2023-08-21,8084462,0.894,7227509,1.485,10732850.865,0.842,9037060.428,Desktop
2023-08-22,447386,0.753,336881,1.081,364168.361,1.219,443921.232,Desktop
2023-08-22,7552481,0.558,4214284,0.995,4193212.58,1.339,5614711.645,Mobile
2023-08-23,8440108,0.745,6287880,0.311,1955530.68,1.141,2231260.506,Mobile
2023-08-24,439603,0.905,397840,0.211,83944.24,1.057,88729.062,Desktop
2023-08-25,1564183,0.364,569362,2.221,1264553.002,1.433,1812104.452,Desktop
2023-08-25,1130876,0.431,487407,2.118,1032328.026,0.826,852702.949,Desktop
2023-08-26,5971875,0.546,3260643,2.019,6583238.217,1.1,7241562.039,Desktop
2023-08-27,4044765,0.09,364028,0.707,257367.796,0.879,226226.293,Mobile
2023-08-27,6563844,0.392,2573026,0.675,1736792.55,1.163,2019889.736,Desktop
2023-08-28,162161,0.951,154215,0.964,148663.26,0.832,123687.832,Mobile
2023-08-29,4033993,0.945,3812123,1.47,5603820.81,0.876,4908947.03,Mobile
2023-08-30,3857428,0.287,1107081,0.713,789348.753,1.107,873809.07,Desktop
2023-08-30,9821396,0.9,8839256,1.396,12339601.376,1.275,15732991.754,Mobile
2023-08-31,8232259,0.267,2198013,1.457,3202504.941,1.423,4557164.531,Desktop
2023-09-01,5599289,0.625,3499555,1.595,5581790.225,1.481,8266631.323,Mobile
2023-09-02,4874248,0.258,1257555,0.654,822440.97,0.975,801879.946,Mobile
2023-09-02,1372559,0.323,443336,0.22,97533.92,1.034,100850.073,Mobile
2023-09-03,6063336,0.409,2479904,0.656,1626817.024,1.461,2376779.672,Mobile
2023-09-04,4595562,0.451,2072598,1.617,3351390.966,1.441,4829354.382,Desktop
2023-09-04,1678109,0.571,958200,1.564,1498624.8,0.752,1126965.85,Desktop
2023-09-05,4450800,0.767,3413763,2.178,7435175.814,1.239,9212182.834,Desktop
2023-09-06,9542491,0.347,3311244,0.549,1817872.956,1.312,2385049.318,Mobile
2023-09-07,7156975,0.38,2719650,0.778,2115887.7,1.405,2972822.219,Desktop
2023-09-07,1311018,0.843,1105188,1.678,1854505.464,1.364,2529545.453,Desktop
2023-09-08,1329823,0.919,1222107,1.954,2387997.078,0.958,2287701.201,Desktop
2023-09-09,2975631,0.404,1202154,2.064,2481245.856,1.254,3111482.303,Mobile
2023-09-10,7304353,0.537,3922437,0.122,478537.314,1.482,709192.299,Mobile
2023-09-10,9662895,0.98,9469637,0.641,6070037.317,1.24,7526846.273,Desktop
2023-09-11,6066191,0.398,2414344,2.021,4879389.224,1.307,6377361.716,Desktop
2023-09-12,7790312,0.655,5102654,0.538,2745227.852,1.252,3437025.271,Mobile
2023-09-13,5642402,0.902,5089446,1.851,9420564.546,1.124,10588714.55,Mobile
2023-09-13,1921119,0.403,774210,0.374,289554.54,1.363,394662.838,Desktop
2023-09-14,1283987,0.522,670241,1.847,1237935.127,1.293,1600650.119,Mobile
2023-09-15,4786785,0.251,1201483,0.574,689651.242,0.769,530341.805,Desktop
2023-09-15,7341399,0.54,3964355,1.334,5288449.57,1.48,7826905.364,Mobile
2023-09-16,9142694,0.605,5531329,1.076,5951710.004,1.268,7546768.285,Mobile
2023-09-17,7873481,0.078,614131,0.257,157831.667,0.967,152623.222,Desktop
2023-09-18,3719721,0.923,3433302,2.004,6880337.208,1.36,9357258.603,Mobile
2023-09-18,6495433,0.294,1909657,2.106,4021737.642,0.979,3937281.152,Mobile
2023-09-19,6509219,0.739,4810312,1.259,6056182.808,0.777,4705654.042,Mobile
2023-09-20,5284904,0.699,3694147,1.12,4137444.64,0.999,4133307.195,Mobile
2023-09-21,302619,0.749,226661,1.964,445162.204,1.289,573814.081,Mobile
2023-09-21,2330210,0.128,298266,0.255,76057.83,1.311,99711.815,Desktop
2023-09-22,4435970,0.431,1911903,1.028,1965436.284,0.841,1652931.915,Desktop
2023-09-23,3056600,0.985,3010751,1.478,4449889.978,1.097,4881529.306,Mobile
2023-09-23,6511058,0.09,585995,1.927,1129212.365,1.299,1466846.862,Desktop
2023-09-24,253910,0.161,40879,0.864,35319.456,1.459,51531.086,Mobile
2023-09-25,7838254,0.068,533001,1.127,600692.127,1.499,900437.498,Desktop
2023-09-26,9128071,0.993,9064174,1.118,10133746.532,1.486,15058747.347,Mobile
2023-09-26,737465,0.54,398231,0.474,188761.494,1.071,202163.56,Desktop
2023-09-27,7491755,0.663,4967033,0.635,3154065.955,1.071,3378004.638,Mobile
2023-09-28,2154681,0.975,2100813,1.675,3518861.775,1.27,4468954.454,Desktop
2023-09-29,5937006,0.951,5646092,1.611,9095854.212,1.354,12315786.603,Desktop
2023-09-29,4342855,0.187,812113,1.085,881142.605,1.027,904933.455,Mobile
2023-09-30,8415638,0.697,5865699,1.996,11707935.204,1.282,15009572.932,Mobile
2023-10-01,1630281,0.154,251063,0.782,196331.266,1.046,205362.504,Mobile
2023-10-02,5228151,0.043,224810,1.779,399936.99,1.431,572309.833,Mobile
2023-10-02,5214768,0.388,2023329,1.125,2276245.125,1.118,2544842.05,Desktop
2023-10-03,5630546,0.609,3429002,0.239,819531.478,0.843,690865.036,Desktop
2023-10-04,8378817,0.136,1139519,1.953,2225480.607,1.124,2501440.202,Mobile
2023-10-04,5873261,0.994,5838021,1.422,8301665.862,1.449,12029113.834,Mobile
2023-10-05,9106073,0.728,6629221,0.447,2963261.787,1.436,4255243.926,Mobile
2023-10-06,2546261,0.86,2189784,1.265,2770076.76,1.127,3121876.509,Mobile
2023-10-07,4483266,0.8,3586612,0.661,2370750.532,1.285,3046414.434,Desktop
2023-10-07,5034251,0.609,3065858,0.426,1306055.508,1.335,1743584.103,Mobile
2023-10-08,7105628,0.276,1961153,1.707,3347688.171,1.215,4067441.128,Mobile
2023-10-09,8226438,0.92,7568322,1.111,8408405.742,1.126,9467864.865,Desktop
2023-10-10,2211215,0.95,2100654,0.581,1220479.974,1.14,1391347.17,Desktop
2023-10-10,6696121,0.896,5999724,1.653,9917543.772,0.98,9719192.897,Mobile
2023-10-11,9104785,0.8,7283828,2.05,14931847.4,1.343,20053471.058,Mobile
2023-10-12,4666037,0.688,3210233,1.755,5633958.915,1.181,6653705.479,Desktop
2023-10-12,49339,0.647,31922,2.03,64801.66,0.802,51970.931,Desktop
2023-10-13,4226483,0.355,1500401,1.446,2169579.846,1.395,3026563.885,Desktop
2023-10-14,2707744,0.631,1708586,0.249,425437.914,1.074,456920.32,Desktop
2023-10-15,18420,0.728,13409,0.444,5953.596,1.371,8162.38,Mobile
2023-10-15,9350874,0.947,8855277,2.212,19587872.724,1.22,23897204.723,Mobile
2023-10-16,1349816,0.88,1187838,0.315,374168.97,0.875,327397.849,Desktop
2023-10-17,2738408,0.735,2012729,1.912,3848337.848,1.061,4083086.457,Mobile
2023-10-18,3121526,0.131,408919,2.308,943785.052,1.5,1415677.578,Mobile
2023-10-18,7040834,0.893,6287464,0.379,2382948.856,1.275,3038259.791,Mobile
2023-10-19,7423296,0.095,705213,1.744,1229891.472,0.982,1207753.426,Mobile
2023-10-20,6721220,0.053,356224,1.201,427825.024,1.0,427825.024,Mobile
2023-10-21,4425492,0.903,3996219,0.794,3172997.886,0.757,2401959.4,Desktop
2023-10-21,8721550,0.278,2424590,1.251,3033162.09,0.768,2329468.485,Desktop
2023-10-22,3840515,0.544,2089240,2.031,4243246.44,0.84,3564327.01,Desktop
2023-10-23,4951809,0.465,2302591,2.083,4796297.053,1.212,5813112.028,Desktop
2023-10-23,8027635,0.462,3708767,0.375,1390787.625,0.949,1319857.456,Desktop
2023-10-24,2903811,0.73,2119782,1.976,4188689.232,1.366,5721749.491,Desktop
2023-10-25,7600556,0.0,0,0.884,0.0,0.934,0.0,Desktop
2023-10-26,9625473,0.824,7931389,0.878,6963759.542,0.811,5647608.989,Desktop
2023-10-26,2384915,0.563,1342707,2.013,2702869.191,0.807,2181215.437,Desktop
2023-10-27,3030555,0.898,2721438,1.685,4585623.03,0.935,4287557.533,Desktop
2023-10-28,1868736,0.748,1397814,1.632,2281232.448,1.404,3202850.357,Desktop
2023-10-29,5251857,0.045,236333,0.844,199465.052,1.04,207443.654,Desktop
2023-10-29,3402445,0.325,1105794,1.609,1779222.546,0.985,1752534.208,Desktop
2023-10-30,1720591,0.657,1130428,2.286,2584158.408,0.821,2121594.053,Desktop
2023-10-31,9798194,0.99,9700212,1.062,10301625.144,1.002,10322228.394,Mobile
2023-10-31,5075365,0.47,2385421,2.12,5057092.52,1.421,7186128.471,Mobile
2023-11-01,4405635,0.475,2092676,1.464,3063677.664,1.493,4574070.752,Desktop
2023-11-02,7809027,0.523,4084121,1.445,5901554.845,0.893,5270088.477,Desktop
2023-11-03,7387014,0.867,6404541,0.689,4412728.749,0.753,3322784.748,Mobile
2023-11-03,3480087,0.222,772579,1.771,1368237.409,1.207,1651462.553,Desktop
2023-11-04,8275085,0.086,711657,0.164,116711.748,1.209,141104.503,Mobile
2023-11-05,686456,0.595,408441,0.982,401089.062,0.987,395874.904,Mobile
2023-11-06,4877167,0.392,1911849,2.227,4257687.723,1.208,5143286.769,Desktop
2023-11-06,3096023,0.758,2346785,1.338,3139998.33,1.422,4465077.625,Mobile
2023-11-07,6139418,0.456,2799574,1.949,5456369.726,1.415,7720763.162,Mobile
2023-11-08,6784412,0.723,4905129,1.629,7990455.141,1.271,10155868.484,Desktop
2023-11-09,6367273,0.204,1298923,0.115,149376.145,1.186,177160.108,Mobile
2023-11-09,9530920,0.321,3059425,1.071,3276644.175,1.269,4158061.458,Desktop
2023-11-10,3910430,0.613,2397093,1.601,3837745.893,0.81,3108574.173,Desktop
2023-11-11,2524578,0.145,366063,2.126,778249.938,1.482,1153366.408,Mobile
2023-11-11,328466,0.447,146824,1.229,180446.696,1.201,216716.482,Desktop
2023-11-12,7688863,0.211,1622350,1.01,1638573.5,1.153,1889275.246,Mobile
2023-11-13,9093576,0.083,754766,0.826,623436.716,1.144,713211.603,Mobile
2023-11-14,9271664,0.864,8010717,1.614,12929297.238,1.247,16122833.656,Mobile
2023-11-14,7626042,0.968,7382008,2.021,14919038.168,1.141,17022622.55,Desktop
2023-11-15,8937538,0.533,4763707,1.32,6288093.24,1.207,7589728.541,Mobile
2023-11-16,6170471,0.624,3850373,1.761,6780506.853,1.17,7933193.018,Mobile
2023-11-17,4249267,0.812,3450404,1.744,6017504.576,1.308,7870895.985,Desktop
2023-11-17,8466326,0.215,1820260,1.546,2814121.96,0.766,2155617.421,Mobile
2023-11-18,2128935,0.25,532233,0.806,428979.798,1.423,610438.253,Mobile
2023-11-19,8571440,0.978,8382868,1.624,13613777.632,1.142,15546934.056,Mobile
2023-11-19,9352769,0.504,4713795,0.623,2936694.285,1.243,3650310.996,Mobile
2023-11-20,2115739,0.472,998628,1.462,1459994.136,1.003,1464374.118,Mobile
2023-11-21,5947789,0.212,1260931,1.793,2260849.283,1.081,2443978.075,Mobile
2023-11-22,3816055,0.078,297652,1.003,298544.956,1.169,348999.054,Mobile
2023-11-22,3203204,0.094,301101,1.157,348373.857,1.475,513851.439,Mobile
2023-11-23,1939236,0.567,1099546,0.186,204515.556,1.387,283663.076,Mobile
2023-11-24,1764602,0.58,1023469,0.63,644785.47,1.393,898186.16,Desktop
2023-11-25,9605338,0.928,8913753,1.203,10723244.859,1.329,14251192.418,Mobile
2023-11-25,888498,0.358,318082,0.729,231881.778,0.929,215418.172,Desktop
2023-11-26,8219112,0.373,3065728,1.581,4846915.968,1.248,6048951.128,Desktop
2023-11-27,8087747,0.641,5184245,0.155,803557.975,1.108,890342.236,Mobile
2023-11-28,8251159,0.681,5619039,0.18,1011427.02,0.869,878930.08,Mobile
2023-11-28,1642218,0.671,1101928,2.044,2252340.832,1.224,2756865.178,Mobile
2023-11-29,4078641,0.82,3344485,0.727,2431440.595,0.948,2305005.684,Desktop
2023-11-30,8718904,0.32,2790049,0.146,407347.154,1.108,451340.647,Mobile
2023-11-30,5746010,0.902,5182901,0.142,735971.942,1.188,874334.667,Mobile
2023-12-01,9901117,0.899,8901104,1.68,14953854.72,1.018,15223024.105,Mobile
2023-12-02,1250711,0.58,725412,0.936,678985.632,1.293,877928.422,Desktop
2023-12-03,867643,0.287,249013,0.636,158372.268,0.981,155363.195,Desktop
2023-12-03,6182518,0.19,1174678,2.225,2613658.55,0.886,2315701.475,Mobile
2023-12-04,7554670,0.794,5998407,0.901,5404564.707,1.363,7366421.696,Desktop
2023-12-05,4629989,0.637,2949302,0.915,2698611.33,0.791,2134601.562,Desktop
2023-12-06,1607414,0.006,9644,1.917,18487.548,0.95,17563.171,Mobile
2023-12-06,5865777,0.223,1308068,0.384,502298.112,1.359,682623.134,Mobile
2023-12-07,2888251,0.013,37547,1.906,71564.582,1.521,108849.729,Desktop
2023-12-08,8840372,0.621,5489871,1.869,10260568.899,0.773,7931419.759,Mobile
2023-12-08,7602640,0.767,5831224,2.128,12408844.672,0.968,12011761.642,Desktop
2023-12-09,2883080,0.953,2747575,0.524,1439729.3,0.939,1351905.813,Mobile
2023-12-10,978140,0.547,535042,2.302,1231666.684,1.28,1576533.356,Desktop
2023-12-11,6916006,0.897,6203657,1.593,9882425.601,1.36,13440098.817,Desktop
2023-12-11,1586061,0.292,463129,1.992,922552.968,1.468,1354307.757,Mobile
2023-12-12,4333065,0.084,363977,0.646,235129.142,1.534,360688.104,Mobile
2023-12-13,5543922,0.879,4873107,0.862,4200618.234,1.076,4519865.22,Desktop
2023-12-14,4813588,0.438,2108351,0.262,552387.962,0.906,500463.494,Desktop
2023-12-14,5447015,0.174,947780,1.738,1647241.64,0.783,1289790.204,Mobile
2023-12-15,1686816,0.456,769188,0.123,94610.124,1.304,123371.602,Desktop
2023-12-16,1981151,0.097,192171,0.831,159694.101,1.224,195465.58,Mobile
2023-12-17,8092598,0.518,4191965,2.062,8643831.83,0.901,7788092.479,Desktop
2023-12-17,6686259,0.43,2875091,1.071,3079222.461,1.327,4086128.206,Mobile
2023-12-18,8287773,0.116,961381,1.914,1840083.234,0.898,1652394.744,Mobile
2023-12-19,2135982,0.858,1832672,1.504,2756338.688,1.338,3687981.165,Desktop
2023-12-19,5631738,0.009,50685,2.008,101775.48,0.895,91089.055,Mobile
2023-12-20,3017929,0.176,531155,2.294,1218469.57,1.417,1726571.381,Desktop
2023-12-21,4163067,0.261,1086560,1.802,1957981.12,0.917,1795468.687,Desktop
2023-12-22,1005598,0.547,550062,0.423,232676.226,0.982,228488.054,Desktop
2023-12-22,332155,0.811,269377,1.431,385478.487,1.521,586312.779,Mobile
2023-12-23,9931124,0.276,2740990,1.732,4747394.68,1.083,5141428.438,Desktop
2023-12-24,6842827,0.478,3270871,0.791,2587258.961,0.903,2336294.842,Mobile
2023-12-25,1955615,0.936,1830455,0.996,1823133.18,1.121,2043732.295,Mobile
2023-12-25,8873100,0.648,5749768,0.184,1057957.312,1.146,1212419.08,Desktop
2023-12-26,2600210,0.186,483639,0.708,342416.412,0.962,329404.588,Desktop
2023-12-27,4842527,0.655,3171855,2.173,6892440.915,1.058,7292202.488,Mobile
2023-12-27,1392544,0.439,611326,0.899,549582.074,1.418,779307.381,Desktop
2023-12-28,1717089,0.829,1423466,1.531,2179326.446,1.041,2268678.83,Desktop
2023-12-29,8860937,0.65,5759609,0.966,5563782.294,0.953,5302284.526,Mobile
2023-12-30,2272677,0.759,1724961,1.56,2690939.16,0.808,2174278.841,Mobile
2023-12-30,4202025,0.059,247919,0.604,149743.076,0.968,144951.298,Mobile
2023-12-31,4031488,0.102,411211,0.494,203138.234,1.018,206794.722,Mobile
2024-01-01,8712466,0.241,2099704,0.803,1686062.312,0.804,1355594.099,Mobile
2024-01-02,9341462,0.3,2802438,1.576,4416642.288,1.322,5838801.105,Desktop
2024-01-02,933824,0.01,9338,1.77,16528.26,0.77,12726.76,Mobile
2024-01-03,4157462,0.538,2236714,0.338,756009.332,0.912,689480.511,Desktop
2024-01-04,8713226,0.431,3755400,1.123,4217314.2,1.48,6241625.016,Desktop
2024-01-05,4279762,0.208,890190,1.311,1167039.09,0.763,890450.826,Mobile
2024-01-05,4596214,0.784,3603431,1.278,4605184.818,1.513,6967644.63,Desktop
2024-01-06,3901732,0.303,1182224,1.545,1826536.08,1.136,2074944.987,Desktop
2024-01-07,3395289,0.126,427806,0.724,309731.544,1.054,326457.047,Mobile
2024-01-07,7359378,0.206,1516031,2.217,3361040.727,1.471,4944090.909,Mobile
2024-01-08,9183736,0.782,7181681,1.264,9077644.784,1.209,10974872.544,Mobile
2024-01-09,8005429,0.594,4755224,0.772,3671032.928,1.138,4177635.472,Desktop
2024-01-10,590918,0.424,250549,1.203,301410.447,1.279,385503.962,Mobile
2024-01-10,5073066,0.53,2688724,0.904,2430606.496,1.364,3315347.261,Mobile
2024-01-11,4493011,0.658,2956401,1.711,5058402.111,1.431,7238573.421,Mobile
2024-01-12,3314118,0.553,1832707,0.525,962171.175,1.384,1331644.906,Desktop
2024-01-13,9880504,0.522,5157623,1.235,6369664.405,0.899,5726328.3,Mobile
2024-01-13,2550805,0.157,400476,0.802,321181.752,1.046,335956.113,Mobile
2024-01-14,4251524,0.079,335870,1.813,608932.31,1.062,646686.113,Mobile
2024-01-15,2508751,0.557,1397374,2.045,2857629.83,1.224,3497738.912,Mobile
2024-01-15,3501312,0.85,2976115,1.221,3633836.415,0.761,2765349.512,Desktop
2024-01-16,2567644,0.88,2259526,0.535,1208846.41,1.427,1725023.827,Desktop
2024-01-17,2632292,0.37,973948,2.241,2182617.468,0.875,1909790.284,Mobile
2024-01-18,3668804,0.436,1599598,1.545,2471378.91,1.346,3326476.013,Mobile
2024-01-18,1901404,0.538,1022955,2.009,2055116.595,0.836,1718077.473,Desktop
2024-01-19,5034582,0.676,3403377,1.474,5016577.698,0.763,3827648.784,Desktop
2024-01-20,6603328,0.931,6147698,1.372,8434641.656,0.913,7700827.832,Desktop
2024-01-21,5904229,0.499,2946210,1.599,4710989.79,1.251,5893448.227,Desktop
2024-01-21,893911,0.262,234204,0.534,125064.936,1.539,192474.937,Mobile
2024-01-22,7722051,0.714,5513544,2.311,12741800.184,0.903,11505845.566,Desktop
2024-01-23,705482,0.071,50089,2.233,111848.737,1.513,169227.139,Mobile
2024-01-24,6829117,0.153,1044854,0.892,932009.768,1.158,1079267.311,Desktop
2024-01-24,3159466,0.266,840417,0.954,801757.818,0.996,798550.787,Mobile
2024-01-25,5097154,0.287,1462883,0.426,623188.158,1.136,707941.747,Mobile
2024-01-26,298223,0.157,46821,1.571,73555.791,0.763,56123.069,Desktop
2024-01-26,1082885,0.424,459143,2.176,999095.168,1.504,1502639.133,Mobile
2024-01-27,3200670,0.113,361675,0.151,54612.925,1.096,59855.766,Mobile
2024-01-28,5479478,0.703,3852073,0.309,1190290.557,0.773,920094.601,Mobile
2024-01-29,5723776,0.342,1957531,1.23,2407763.13,1.473,3546635.09,Desktop
2024-01-29,1681456,0.86,1446052,1.222,1767075.544,1.08,1908441.588,Mobile
2024-01-30,6215360,0.174,1081472,1.156,1250181.632,1.501,1876522.63,Desktop
2024-01-31,4296143,0.108,463983,1.42,658855.86,1.212,798533.302,Desktop
2024-02-01,9451784,0.857,8100178,1.706,13818903.668,1.214,16776149.053,Mobile
2024-02-01,8501047,0.335,2847850,0.843,2400737.55,0.765,1836564.226,Desktop
2024-02-02,9153590,0.839,7679862,1.476,11335476.312,1.228,13919964.911,Mobile
2024-02-03,2585201,0.813,2101768,0.401,842808.968,1.482,1249042.891,Mobile
2024-02-03,997883,0.894,892107,0.135,120434.445,0.909,109474.911,Desktop
2024-02-04,9295320,0.286,2658461,1.08,2871137.88,1.042,2991725.671,Mobile
2024-02-05,7722256,0.643,4965410,1.489,7393495.49,0.972,7186477.616,Desktop
2024-02-06,600197,0.092,55218,1.729,95471.922,1.173,111988.565,Mobile
2024-02-06,8457624,0.259,2190524,1.007,2205857.668,0.808,1782332.996,Mobile
2024-02-07,5302913,0.338,1792384,1.059,1898134.656,0.826,1567859.226,Mobile
2024-02-08,5022044,0.05,251102,0.581,145890.262,1.365,199140.208,Desktop
2024-02-09,379052,0.375,142144,1.047,148824.768,1.339,199276.364,Desktop
2024-02-09,5930458,0.394,2336600,1.511,3530602.6,1.502,5302965.105,Desktop
2024-02-10,774463,0.918,710957,1.789,1271902.073,1.339,1703076.876,Desktop
2024-02-11,834528,0.991,827017,1.833,1515922.161,1.091,1653871.078,Mobile
2024-02-12,6764477,0.65,4396910,1.521,6687700.11,1.522,10178679.567,Mobile
2024-02-12,8764468,0.217,1901889,1.975,3756230.775,1.467,5510390.547,Desktop
2024-02-13,6448849,0.774,4991409,0.894,4462319.646,1.478,6595308.437,Mobile
2024-02-14,2697412,0.893,2408788,0.803,1934256.764,1.19,2301765.549,Mobile
2024-02-14,5652203,0.541,3057841,0.344,1051897.304,0.963,1012977.104,Desktop
2024-02-15,1452183,0.327,474863,1.676,795870.388,1.152,916842.687,Mobile
2024-02-16,3478073,0.158,549535,1.007,553381.745,0.824,455986.558,Mobile
2024-02-17,2289385,0.794,1817771,1.23,2235858.33,0.901,2014508.355,Desktop
2024-02-17,124542,0.585,72857,1.576,114822.632,0.866,99436.399,Desktop
2024-02-18,4367238,0.233,1017566,0.767,780473.122,1.241,968567.144,Mobile
2024-02-19,4898786,0.058,284129,2.226,632471.154,1.517,959458.741,Mobile
2024-02-20,719404,0.082,58991,0.426,25130.166,0.836,21008.819,Mobile
2024-02-20,315207,0.611,192591,1.264,243435.024,1.33,323768.582,Desktop
2024-02-21,6905850,0.987,6816073,0.105,715687.665,0.996,712824.914,Mobile
2024-02-22,342725,0.216,74028,1.646,121850.088,1.407,171443.074,Mobile
2024-02-22,6814603,0.956,6514760,1.98,12899224.8,0.769,9919503.871,Mobile
2024-02-23,2273603,0.978,2223583,0.103,229029.049,1.096,251015.838,Desktop
2024-02-24,739093,0.572,422761,1.223,517036.703,1.332,688692.888,Mobile
2024-02-25,8181945,0.475,3886423,1.155,4488818.565,1.17,5251917.721,Desktop
2024-02-25,6544496,0.384,2513086,2.055,5164391.73,1.525,7875697.388,Mobile
2024-02-26,7806494,0.219,1709622,2.126,3634656.372,1.134,4121700.326,Mobile
2024-02-27,5076798,0.581,2949619,1.224,3610333.656,1.219,4400996.727,Mobile
2024-02-28,5599631,0.18,1007933,2.255,2272888.915,1.247,2834292.477,Mobile
2024-02-28,5862882,0.903,5294182,1.426,7549503.532,1.348,10176730.761,Mobile
2024-02-29,9041056,0.246,2224099,1.487,3307235.213,1.026,3393223.329,Mobile
2024-03-01,4949486,0.583,2885550,0.304,877207.2,0.904,792995.309,Desktop
2024-03-02,500894,0.609,305044,1.267,386490.748,1.258,486205.361,Mobile
2024-03-02,8212010,0.847,6955572,2.121,14752768.212,0.818,12067764.397,Desktop
2024-03-03,9960803,0.216,2151533,1.146,2465656.818,1.155,2847833.625,Desktop
2024-03-04,9694317,0.21,2035806,1.133,2306568.198,1.405,3240728.318,Mobile
2024-03-04,4764055,0.253,1205305,0.961,1158298.105,1.36,1575285.423,Desktop
2024-03-05,585895,0.622,364426,1.962,715003.812,1.403,1003150.348,Desktop
2024-03-06,1579873,0.993,1568813,1.98,3106249.74,1.243,3861068.427,Mobile
2024-03-07,7070633,0.331,2340379,1.674,3917794.446,1.015,3976561.363,Mobile
2024-03-07,2567107,0.77,1976672,0.795,1571454.24,0.758,1191162.314,Mobile
2024-03-08,8961678,0.917,8217858,0.861,7075575.738,0.914,6467076.225,Mobile
2024-03-09,4377952,0.967,4233479,2.011,8513526.269,1.284,10931367.729,Mobile
2024-03-10,154466,0.09,13901,1.29,17932.29,1.129,20245.555,Mobile
2024-03-10,8665061,0.511,4427846,0.545,2413176.07,0.797,1923301.328,Mobile
2024-03-11,9763793,0.85,8299224,1.636,13577530.464,0.887,12043269.522,Mobile
2024-03-12,4454207,0.81,3607907,0.93,3355353.51,1.03,3456014.115,Mobile
2024-03-12,4190850,0.933,3910063,2.021,7902237.323,1.104,8724070.005,Mobile
2024-03-13,1474401,0.026,38334,1.223,46882.482,1.432,67135.714,Desktop
2024-03-14,5179144,0.766,3967224,2.224,8823106.176,1.5,13234659.264,Mobile
2024-03-15,8689484,0.784,6812555,2.113,14394928.715,1.016,14625247.574,Mobile
2024-03-15,7944655,0.517,4107386,0.647,2657478.742,1.365,3627458.483,Mobile
2024-03-16,9867831,0.127,1253214,1.76,2205656.64,1.498,3304073.647,Desktop
2024-03-17,4539904,0.438,1988477,1.808,3595166.416,1.388,4990090.985,Desktop
2024-03-18,5389607,0.369,1988764,1.737,3454483.068,1.118,3862112.07,Mobile
2024-03-18,797471,0.842,671470,1.617,1085766.99,1.254,1361551.805,Mobile
2024-03-19,3681363,0.402,1479907,0.589,871665.223,0.933,813263.653,Mobile
2024-03-20,2240141,0.457,1023744,1.444,1478286.336,1.525,2254386.662,Mobile
2024-03-21,5031628,0.267,1343444,2.346,3151719.624,1.004,3164326.502,Mobile
2024-03-21,4565563,0.333,1520332,0.286,434814.952,1.136,493949.785,Mobile
2024-03-22,31959,0.913,29178,1.284,37464.552,1.273,47692.375,Desktop
2024-03-23,2704755,0.983,2658774,0.874,2323768.476,1.127,2618887.072,Mobile
2024-03-23,3014890,0.468,1410968,1.468,2071301.024,1.309,2711333.04,Mobile
2024-03-24,5327414,0.547,2914095,1.747,5090923.965,0.991,5045105.649,Desktop
2024-03-25,2963471,0.911,2699722,0.355,958401.31,1.153,1105036.71,Desktop
2024-03-26,1304800,0.731,953808,1.232,1175091.456,1.462,1717983.709,Desktop
2024-03-26,6050580,0.72,4356417,2.031,8847882.927,1.508,13342607.454,Desktop
2024-03-27,9377172,0.802,7520491,0.298,2241106.318,1.016,2276964.019,Mobile
2024-03-28,9743639,0.489,4764639,1.897,9038520.183,1.401,12662966.776,Desktop
2024-03-29,3626776,0.96,3481704,1.438,5006690.352,1.27,6358496.747,Desktop
2024-03-29,8827551,0.341,3010194,0.701,2110145.994,0.758,1599490.663,Desktop
2024-03-30,9041396,0.295,2667211,0.201,536109.411,1.069,573100.96,Mobile
2024-03-31,8722596,0.186,1622402,0.798,1294676.796,0.958,1240300.371,Mobile
2024-03-31,8249110,0.139,1146626,0.463,530887.838,0.764,405598.308,Desktop
2024-04-01,6078667,0.167,1015137,0.561,569491.857,0.943,537030.821,Mobile
2024-04-02,6744066,0.696,4693869,0.955,4482644.895,1.15,5155041.629,Desktop
2024-04-03,2571573,0.792,2036685,0.813,1655824.905,1.497,2478769.883,Mobile
2024-04-03,1160637,0.446,517644,1.848,956606.112,1.177,1125925.394,Desktop
2024-04-04,5674071,0.046,261007,1.696,442667.872,1.152,509953.389,Mobile
2024-04-05,5764242,0.463,2668844,2.222,5930171.368,1.052,6238540.279,Desktop
2024-04-06,777670,0.502,390390,0.319,124534.41,1.424,177337.0,Desktop
2024-04-06,6107689,0.161,983337,0.334,328434.558,1.533,503490.177,Mobile
2024-04-07,2739823,0.096,263023,1.898,499217.654,0.773,385895.247,Desktop
2024-04-08,4537727,0.396,1796939,1.889,3394417.771,1.503,5101809.91,Desktop
2024-04-09,7312733,0.379,2771525,2.107,5839603.175,0.912,5325718.096,Mobile
2024-04-09,9126625,0.628,5731520,0.219,1255202.88,1.24,1556451.571,Desktop
2024-04-10,5927344,0.143,847610,0.11,93237.1,1.044,97339.532,Mobile
2024-04-11,5787246,0.321,1857705,0.401,744939.705,1.253,933409.45,Desktop
2024-04-11,7853225,0.692,5434431,1.431,7776670.761,1.258,9783051.817,Desktop
2024-04-12,6969976,0.943,6572687,0.499,3279770.813,1.041,3414241.416,Mobile
2024-04-13,1135290,0.003,3405,2.165,7371.825,0.982,7239.132,Desktop
2024-04-14,8212354,0.866,7111898,1.696,12061779.008,1.443,17405147.109,Desktop
2024-04-14,4972897,0.308,1531652,1.882,2882569.064,1.195,3444670.031,Desktop
2024-04-15,2234757,0.093,207832,1.196,248567.072,1.362,338548.352,Desktop
2024-04-16,4693301,0.766,3595068,1.592,5723348.256,1.296,7417459.34,Mobile
2024-04-17,986723,0.904,891997,0.744,663645.768,0.93,617190.564,Mobile
2024-04-17,5445926,0.558,3038826,0.339,1030162.014,0.884,910663.22,Mobile
2024-04-18,459372,0.613,281595,2.35,661748.25,1.074,710717.621,Desktop
2024-04-19,5681820,0.587,3335228,0.303,1010574.084,1.208,1220773.493,Desktop
2024-04-19,8810991,0.589,5189673,2.116,10981348.068,1.376,15110334.942,Desktop
2024-04-20,6032770,0.867,5230411,0.376,1966634.536,1.281,2519258.841,Desktop
2024-04-21,9479468,0.881,8351411,1.808,15099351.088,0.942,14223588.725,Desktop
2024-04-22,3308636,0.555,1836292,2.011,3692783.212,1.526,5635187.182,Mobile
2024-04-22,2776462,0.473,1313266,2.078,2728966.748,1.178,3214722.829,Mobile
2024-04-23,75463,0.963,72670,2.001,145412.67,1.014,147448.447,Desktop
2024-04-24,586657,0.311,182450,0.154,28097.3,1.277,35880.252,Mobile
2024-04-25,7233294,0.396,2864384,1.256,3597666.304,1.498,5389304.123,Desktop
2024-04-25,5729363,0.184,1054202,0.87,917155.74,1.379,1264757.765,Desktop
2024-04-26,383939,0.31,119021,2.092,248991.932,1.422,354066.527,Desktop
2024-04-27,2686901,0.5,1343450,2.349,3155764.05,0.998,3149452.522,Desktop
2024-04-28,7605761,0.044,334653,0.154,51536.562,0.891,45919.077,Mobile
2024-04-28,1027126,0.368,377982,0.795,300495.69,0.9,270446.121,Desktop
2024-04-29,4852455,0.237,1150031,0.413,474962.803,0.999,474487.84,Mobile
2024-04-30,964479,0.283,272947,0.95,259299.65,1.062,275376.228,Mobile
2024-04-30,5822871,0.31,1805090,1.549,2796084.41,1.491,4168961.855,Mobile
2024-05-01,281965,0.492,138726,0.744,103212.144,0.95,98051.537,Desktop
2024-05-02,103134,0.046,4744,0.117,555.048,1.032,572.81,Desktop
2024-05-03,9243407,0.294,2717561,0.564,1532704.404,0.861,1319658.492,Mobile
2024-05-03,5825655,0.703,4095435,1.505,6163629.675,1.54,9491989.7,Mobile
2024-05-04,3124571,0.971,3033958,1.452,4405307.016,1.283,5652008.902,Mobile
2024-05-05,943095,0.856,807289,2.161,1744551.529,1.393,2430160.28,Desktop
2024-05-06,2497986,0.125,312248,0.223,69631.304,1.035,72068.4,Mobile
2024-05-06,6816388,0.462,3149171,1.449,4563148.779,0.983,4485575.25,Mobile
2024-05-07,9180025,0.739,6784038,1.691,11471808.258,1.09,12504271.001,Mobile
2024-05-08,4390910,0.418,1835400,2.078,3813961.2,1.085,4138147.902,Mobile
2024-05-08,6701626,0.575,3853434,1.379,5313885.486,1.126,5983435.057,Desktop
2024-05-09,3801264,0.279,1060552,1.927,2043683.704,1.218,2489206.751,Desktop
2024-05-10,9590907,0.44,4219999,0.809,3413979.191,1.13,3857796.486,Desktop
2024-05-11,8377861,0.07,586450,1.485,870878.25,0.81,705411.383,Desktop
2024-05-11,8586548,0.251,2155223,0.882,1900906.686,1.262,2398944.238,Mobile
2024-05-12,6554302,0.728,4771531,1.26,6012129.06,1.305,7845828.423,Mobile
2024-05-13,6882734,0.241,1658738,1.092,1811341.896,1.325,2400028.012,Mobile
2024-05-14,1737458,0.837,1454252,1.885,2741265.02,0.887,2431502.073,Mobile
2024-05-14,7792243,0.019,148052,1.841,272563.732,0.886,241491.467,Mobile
2024-05-15,7763124,0.18,1397362,0.374,522613.388,0.832,434814.339,Desktop
2024-05-16,467798,0.548,256353,1.809,463742.577,1.548,717873.509,Desktop
2024-05-17,8875533,0.849,7535327,1.961,14776776.247,0.946,13978830.33,Mobile
2024-05-17,5926800,0.737,4368051,0.167,729464.517,1.502,1095655.705,Desktop
2024-05-18,4044535,0.606,2450988,0.824,2019614.112,0.845,1706573.925,Desktop
2024-05-19,3355179,0.838,2811640,1.348,3790090.72,1.533,5810209.074,Desktop
2024-05-19,1107440,0.679,751951,0.605,454930.355,0.839,381686.568,Mobile
2024-05-20,9845168,0.968,9530122,0.255,2430181.11,1.488,3616109.492,Desktop
2024-05-21,6478438,0.493,3193869,2.323,7419357.687,1.216,9021938.947,Mobile
2024-05-22,8806818,0.512,4509090,0.958,4319708.22,1.091,4712801.668,Desktop
2024-05-22,1988658,0.321,638359,1.024,653679.616,1.169,764151.471,Desktop
2024-05-23,6298427,0.147,925868,2.205,2041538.94,1.467,2994937.625,Mobile
2024-05-24,6218918,0.62,3855729,1.329,5124263.841,0.783,4012298.588,Mobile
2024-05-25,2575936,0.409,1053557,2.187,2304129.159,1.326,3055275.265,Desktop
2024-05-25,4440750,0.89,3952267,0.202,798357.934,0.759,605953.672,Mobile
2024-05-26,5688410,0.855,4863590,2.138,10398355.42,1.462,15202395.624,Mobile
2024-05-27,3477051,0.295,1025730,1.9,1948887.0,1.227,2391284.349,Desktop
2024-05-27,3013241,0.925,2787247,0.705,1965009.135,1.505,2957338.748,Mobile
2024-05-28,8669995,0.516,4473717,1.913,8558220.621,1.264,10817590.865,Mobile
2024-05-29,7034554,0.031,218071,1.671,364396.641,1.213,442013.126,Desktop
2024-05-30,5209722,0.915,4766895,1.128,5377057.56,1.072,5764205.704,Mobile
2024-05-30,3180522,0.26,826935,0.469,387832.515,1.036,401794.486,Desktop
2024-05-31,8468601,0.374,3167256,1.911,6052626.216,0.762,4612101.177,Desktop
2024-06-01,5525413,0.055,303897,2.186,664318.842,1.448,961933.683,Desktop
2024-06-02,6040263,0.972,5871135,0.405,2377809.675,1.006,2392076.533,Mobile
2024-06-02,2047242,0.851,1742202,0.515,897234.03,0.908,814688.499,Desktop
2024-06-03,3425015,0.588,2013908,0.439,884105.612,1.024,905324.147,Desktop
2024-06-04,4525266,0.667,3018352,0.476,1436735.552,1.085,1558858.074,Mobile
2024-06-05,461813,0.348,160710,1.686,270957.06,1.276,345741.209,Desktop
2024-06-05,4125767,0.71,2929294,1.957,5732628.358,1.278,7326299.042,Desktop
2024-06-06,951716,0.949,903178,1.797,1623010.866,1.324,2148866.387,Desktop
2024-06-07,9632890,0.611,5885695,0.207,1218338.865,1.033,1258544.048,Mobile
2024-06-07,5068725,0.55,2787798,1.702,4744832.196,1.302,6177771.519,Desktop
2024-06-08,37305,0.315,11751,0.203,2385.453,1.261,3008.056,Desktop
2024-06-09,9003377,0.667,6005252,0.149,894782.548,1.158,1036158.191,Mobile
2024-06-10,7330881,0.215,1576139,2.185,3443863.715,1.485,5114137.617,Desktop
2024-06-10,3535304,0.013,45958,0.136,6250.288,0.858,5362.747,Desktop
2024-06-11,9320388,0.302,2814757,0.766,2156103.862,0.873,1882278.672,Mobile
2024-06-12,7857707,0.831,6529754,1.163,7594103.902,1.336,10145722.813,Desktop
2024-06-13,6389834,0.218,1392983,1.82,2535229.06,0.911,2309593.674,Desktop
2024-06-13,9548310,0.794,7581358,0.415,3146263.57,0.991,3117947.198,Mobile
2024-06-14,5410467,0.12,649256,0.209,135694.504,0.859,116561.579,Mobile
2024-06-15,204964,0.764,156592,1.0,156592.0,1.302,203882.784,Desktop
2024-06-15,5437666,0.948,5154907,1.794,9247903.158,1.427,13196757.806,Mobile
2024-06-16,9888191,0.381,3767400,1.409,5308266.6,1.19,6316837.254,Mobile
2024-06-17,6630479,0.876,5808299,0.491,2851874.809,1.197,3413694.146,Desktop
2024-06-18,5276186,0.654,3450625,2.242,7736301.25,1.021,7898763.576,Desktop
2024-06-18,7024625,0.771,5415985,1.502,8134809.47,1.505,12242888.252,Mobile
2024-06-19,6157430,0.667,4107005,0.468,1922078.34,1.527,2935013.625,Desktop
2024-06-20,8105252,0.463,3752731,1.795,6736152.145,1.01,6803513.666,Mobile
2024-06-21,4366677,0.973,4248776,0.187,794521.112,1.526,1212439.217,Mobile
2024-06-21,2994372,0.944,2826687,1.228,3471171.636,0.938,3255958.995,Desktop
2024-06-22,9254622,0.57,5275134,1.201,6335435.934,1.431,9066008.822,Desktop
2024-06-23,6006223,0.307,1843910,1.837,3387262.67,1.382,4681197.01,Mobile
2024-06-24,6700424,0.193,1293181,1.774,2294103.094,1.223,2805688.084,Mobile
2024-06-24,3523100,0.07,246617,0.487,120102.479,1.472,176790.849,Mobile
2024-06-25,2573267,0.21,540386,0.942,509043.612,0.918,467302.036,Desktop
2024-06-26,7859646,0.376,2955226,0.909,2686300.434,1.29,3465327.56,Mobile
2024-06-26,1002775,0.227,227629,0.167,38014.043,1.516,57629.289,Mobile
2024-06-27,8041284,0.257,2066609,1.464,3025515.576,1.332,4029986.747,Desktop
2024-06-28,9523450,0.451,4295075,2.183,9376148.725,1.262,11832699.691,Desktop
2024-06-29,2096021,0.265,555445,0.516,286609.62,0.801,229574.306,Mobile
2024-06-29,2702018,0.046,124292,0.861,107015.412,1.329,142223.483,Desktop
2024-06-30,3450147,0.762,2629012,1.226,3223168.712,1.213,3909703.648,Desktop
2024-07-01,4262279,0.756,3222282,0.834,2687383.188,1.363,3662903.285,Desktop
2024-07-02,980438,0.799,783369,0.926,725399.694,0.752,545500.57,Mobile
2024-07-02,6741131,0.999,6734389,0.46,3097818.94,1.142,3537709.229,Desktop
2024-07-03,7663958,0.154,1180249,0.868,1024456.132,1.475,1511072.795,Mobile
2024-07-04,4937788,0.264,1303576,2.231,2908278.056,1.26,3664430.351,Desktop
2024-07-04,7392315,0.143,1057101,1.816,1919695.416,0.992,1904337.853,Desktop
2024-07-05,3778754,0.228,861555,0.748,644443.14,1.039,669576.422,Mobile
2024-07-06,9406781,0.382,3593390,0.536,1926057.04,1.012,1949169.724,Desktop
2024-07-07,6788689,0.325,2206323,0.757,1670186.511,1.3,2171242.464,Mobile
2024-07-07,9795743,0.807,7905164,1.587,12545495.268,1.315,16497326.277,Desktop
2024-07-08,8650375,0.074,640127,0.484,309821.468,1.476,457296.487,Mobile
2024-07-09,3429357,0.323,1107682,0.514,569348.548,1.127,641655.814,Desktop
2024-07-10,4564249,0.541,2469258,1.615,3987851.67,0.811,3234147.704,Mobile
2024-07-10,2450568,0.057,139682,0.648,90513.936,1.041,94225.007,Mobile
2024-07-11,8478373,0.014,118697,0.571,67775.987,0.89,60320.628,Desktop
2024-07-12,2198223,0.702,1543152,0.717,1106439.984,0.876,969241.426,Desktop
2024-07-13,6604897,0.428,2826895,0.184,520148.68,1.292,672032.095,Desktop
2024-07-13,533691,0.11,58706,1.743,102324.558,1.398,143049.732,Desktop
2024-07-14,4311790,0.231,996023,1.042,1037855.966,1.049,1088710.908,Mobile
2024-07-15,6459773,0.662,4276369,1.308,5593490.652,1.356,7584773.324,Desktop
2024-07-15,1878900,0.364,683919,0.532,363844.908,1.155,420240.869,Desktop
2024-07-16,7060257,0.937,6615460,1.092,7224082.32,1.518,10966156.962,Desktop
2024-07-17,1304198,0.513,669053,1.195,799518.335,1.497,1196878.947,Mobile
2024-07-18,807435,0.269,217200,0.856,185923.2,1.414,262895.405,Mobile
2024-07-18,6180325,0.743,4591981,1.192,5473641.352,1.461,7996990.015,Desktop
2024-07-19,6194121,0.776,4806637,0.305,1466024.285,1.53,2243017.156,Mobile
2024-07-20,6983279,0.994,6941379,1.935,13431568.365,1.173,15755229.692,Desktop
2024-07-21,4217233,0.494,2083313,1.65,3437466.45,0.932,3203718.731,Mobile
2024-07-21,9350078,0.022,205701,0.164,33734.964,0.948,31980.746,Mobile
2024-07-22,117330,0.52,61011,1.857,113297.427,0.886,100381.52,Mobile
2024-07-23,9206885,0.267,2458238,1.265,3109671.07,0.803,2497065.869,Mobile
2024-07-23,8305896,0.584,4850643,1.058,5131980.294,1.264,6486823.092,Desktop
2024-07-24,7511290,0.827,6211836,0.778,4832808.408,0.928,4484846.203,Desktop
2024-07-25,6313685,0.745,4703695,1.645,7737578.275,1.08,8356584.537,Mobile
2024-07-26,3065941,0.225,689836,2.079,1434169.044,1.464,2099623.48,Mobile
2024-07-26,668575,0.665,444602,1.717,763381.634,0.875,667958.93,Desktop
2024-07-27,8590500,0.184,1580652,1.148,1814588.496,1.527,2770876.633,Desktop
2024-07-28,9691869,0.207,2006216,1.505,3019355.08,0.772,2330942.122,Mobile
2024-07-29,4409332,0.539,2376629,1.664,3954710.656,1.08,4271087.508,Mobile
2024-07-29,9826102,0.994,9767145,1.042,10177365.09,0.772,7856925.849,Desktop
2024-07-30,6811555,0.454,3092445,1.909,5903477.505,0.859,5071087.177,Desktop
2024-07-31,544261,0.615,334720,1.071,358485.12,1.318,472483.388,Mobile
2024-08-01,5783567,0.934,5401851,1.665,8994081.915,0.929,8355502.099,Desktop
2024-08-01,2075042,0.048,99602,2.336,232670.272,0.854,198700.412,Mobile
2024-08-02,1329765,0.224,297867,1.432,426545.544,1.085,462801.915,Mobile
2024-08-03,2156097,0.346,746009,1.778,1326404.002,1.22,1618212.882,Mobile
2024-08-03,9163126,0.49,4489931,0.226,1014724.406,1.36,1380025.192,Desktop
2024-08-04,4259149,0.616,2623635,1.174,3080147.49,1.373,4229042.504,Mobile
2024-08-05,2092922,0.392,820425,2.172,1781963.1,0.961,1712466.539,Mobile
2024-08-06,1380053,0.306,422296,0.284,119932.064,1.222,146556.982,Mobile
2024-08-06,2740637,0.421,1153808,1.703,1964935.024,0.788,1548368.799,Desktop
2024-08-07,8886556,0.379,3368004,0.105,353640.42,1.476,521973.26,Desktop
2024-08-08,9957248,0.708,7049731,2.34,16496370.54,1.31,21610245.407,Mobile
2024-08-09,8964781,0.648,5809178,0.317,1841509.426,0.808,1487939.616,Desktop
2024-08-09,5151944,0.849,4374000,1.65,7217100.0,0.872,6293311.2,Desktop
2024-08-10,3236142,0.259,838160,1.713,1435768.08,1.18,1694206.334,Desktop
2024-08-11,3123247,0.058,181148,1.498,271359.704,1.208,327802.522,Desktop
2024-08-11,8431827,0.912,7689826,2.294,17640460.844,0.786,13865402.223,Desktop
2024-08-12,9019045,0.293,2642580,0.355,938115.9,1.312,1230808.061,Desktop
2024-08-13,9319374,0.448,4175079,1.993,8320932.447,1.38,11482886.777,Mobile
2024-08-14,9942978,0.061,606521,1.283,778166.443,1.415,1101105.517,Desktop
2024-08-14,5433828,0.417,2265906,2.12,4803720.72,1.462,7023039.693,Desktop
2024-08-15,215496,0.546,117660,1.635,192374.1,1.284,247008.344,Mobile
2024-08-16,7704012,0.99,7626971,1.956,14918355.276,0.976,14560314.749,Desktop
2024-08-17,8690074,0.818,7108480,0.215,1528323.2,0.941,1438152.131,Mobile
2024-08-17,9279159,0.882,8184218,1.761,14412407.898,1.523,21950097.229,Mobile
2024-08-18,9620199,0.053,509870,1.804,919805.48,1.429,1314402.031,Mobile
2024-08-19,5653605,0.979,5534879,2.159,11949803.761,0.874,10444128.487,Desktop
2024-08-20,6848746,0.183,1253320,2.076,2601892.32,1.184,3080640.507,Desktop
2024-08-20,8536123,0.144,1229201,1.0,1229201.0,1.506,1851176.706,Mobile
2024-08-21,3724449,0.235,875245,0.521,456002.645,1.077,491114.849,Desktop
2024-08-22,1412259,0.628,886898,1.395,1237222.71,1.444,1786549.593,Mobile
2024-08-22,9962029,0.556,5538888,1.013,5610893.544,0.776,4354053.39,Mobile
2024-08-23,5565707,0.306,1703106,0.345,587571.57,1.063,624588.579,Desktop
2024-08-24,112730,0.693,78121,1.62,126556.02,1.507,190719.922,Desktop
2024-08-25,8786597,0.289,2539326,0.433,1099528.158,1.06,1165499.847,Desktop
2024-08-25,7635365,0.999,7627729,0.443,3379083.947,1.376,4649619.511,Desktop
2024-08-26,2763427,0.705,1948216,1.006,1959905.296,1.347,2639992.434,Mobile
2024-08-27,4247448,0.481,2043022,1.677,3426147.894,1.506,5159778.728,Mobile
2024-08-28,9177058,0.126,1156309,1.592,1840843.928,1.433,2637929.349,Mobile
2024-08-28,9297744,0.89,8274992,0.631,5221519.952,0.905,4725475.557,Desktop
2024-08-29,9303611,0.508,4726234,0.393,1857409.962,0.985,1829548.813,Desktop
2024-08-30,1161439,0.827,960510,0.224,215154.24,1.205,259260.859,Desktop
2024-08-30,1527830,0.396,605020,1.83,1107186.6,0.87,963252.342,Mobile
2024-08-31,7795921,0.263,2050327,1.477,3028332.979,1.222,3700622.9,Mobile
2024-09-01,2171115,0.381,827194,0.98,810650.12,1.339,1085460.511,Desktop
2024-09-02,3323094,0.051,169477,2.324,393864.548,1.47,578980.886,Mobile
2024-09-02,8792431,0.316,2778408,0.872,2422771.776,1.09,2640821.236,Mobile
2024-09-03,7664662,0.312,2391374,0.189,451969.686,1.224,553210.896,Desktop
2024-09-04,5175453,0.025,129386,1.011,130809.246,1.234,161418.61,Mobile
2024-09-05,3401560,0.255,867397,1.902,1649789.094,0.988,1629991.625,Desktop
2024-09-05,5092838,0.01,50928,0.374,19047.072,0.952,18132.813,Desktop
2024-09-06,1416824,0.778,1102289,0.157,173059.373,1.214,210094.079,Desktop
2024-09-07,999364,0.307,306804,1.826,560224.104,1.328,743977.61,Mobile
2024-09-08,9275408,0.607,5630172,2.222,12510242.184,0.977,12222506.614,Mobile
2024-09-08,1174874,0.875,1028014,0.293,301208.102,1.078,324702.334,Desktop
2024-09-09,7512198,0.237,1780390,1.574,2802333.86,1.08,3026520.569,Mobile
2024-09-10,4459870,0.184,820616,0.315,258494.04,1.299,335783.758,Mobile
2024-09-10,5605644,0.888,4977811,1.631,8118809.741,0.766,6219008.262,Desktop
2024-09-11,3977188,0.09,357946,1.009,361167.514,1.234,445680.712,Mobile
2024-09-12,2091891,0.754,1577285,0.804,1268137.14,1.031,1307449.391,Mobile
2024-09-13,1668842,0.07,116818,0.852,99528.936,0.873,86888.761,Desktop
2024-09-13,3862958,0.228,880754,1.826,1608256.804,0.938,1508544.882,Desktop
2024-09-14,9679416,0.774,7491867,0.509,3813360.303,1.235,4709499.974,Mobile
2024-09-15,7964283,0.479,3814891,1.771,6756171.961,1.402,9472153.089,Mobile
2024-09-16,7823968,0.898,7025923,1.145,8044681.835,1.195,9613394.793,Mobile
2024-09-16,5588471,0.54,3017774,1.456,4393878.944,0.853,3747978.739,Desktop
2024-09-17,913864,0.998,912036,0.475,433217.1,0.997,431917.449,Desktop
2024-09-18,5537860,0.268,1484146,0.328,486799.888,1.247,607039.46,Desktop
2024-09-18,9997345,0.838,8377775,1.464,12265062.6,1.46,17906991.396,Desktop
2024-09-19,4496433,0.24,1079143,1.5,1618714.5,0.931,1507023.2,Mobile
2024-09-20,9349310,0.493,4609209,0.935,4309610.415,1.068,4602663.923,Mobile
2024-09-21,8946436,0.188,1681929,2.168,3646422.072,1.224,4463220.616,Mobile
2024-09-21,4960033,0.962,4771551,0.773,3688408.923,0.796,2935973.503,Mobile
2024-09-22,7304090,0.828,6047786,0.475,2872698.35,1.336,3837924.996,Desktop
2024-09-23,5098687,0.781,3982074,0.994,3958181.556,1.356,5367294.19,Mobile
2024-09-24,6714324,0.404,2712586,1.557,4223496.402,1.083,4574046.603,Mobile
2024-09-24,3092889,0.67,2072235,2.088,4326826.68,1.461,6321493.779,Mobile
2024-09-25,6444703,0.023,148228,0.237,35130.036,1.114,39134.86,Mobile
2024-09-26,5794735,0.063,365068,0.894,326370.792,1.009,329308.129,Mobile
2024-09-27,6058423,0.952,5767618,1.752,10104866.736,0.808,8164732.323,Desktop
2024-09-27,2960198,0.395,1169278,0.843,985701.354,1.149,1132570.856,Mobile
2024-09-28,6252807,0.476,2976336,0.226,672651.936,1.052,707629.837,Mobile
2024-09-29,6351577,0.898,5703716,0.642,3661785.672,1.084,3969375.668,Desktop
2024-09-29,9793326,0.681,6669255,0.634,4228307.67,1.384,5851977.815,Mobile
2024-09-30,7320542,0.006,43923,1.62,71155.26,0.877,62403.163,Desktop
2024-10-01,3887955,0.133,517098,2.302,1190359.596,0.98,1166552.404,Mobile
2024-10-02,3140143,0.475,1491567,0.284,423605.028,1.267,536707.57,Desktop
2024-10-02,6822216,0.044,300177,2.335,700913.295,0.867,607691.827,Mobile
2024-10-03,1197088,0.259,310045,1.174,363992.83,1.519,552905.109,Desktop
2024-10-04,3589737,0.354,1270766,1.666,2117096.156,0.939,1987953.29,Desktop
2024-10-05,9449125,0.677,6397057,0.691,4420366.387,1.349,5963074.256,Mobile
2024-10-05,3306878,0.897,2966269,2.025,6006694.725,1.273,7646522.385,Mobile
2024-10-06,1380734,0.968,1336550,1.417,1893891.35,1.047,1982904.243,Desktop
2024-10-07,1220586,0.763,931307,1.717,1599054.119,0.96,1535091.954,Mobile
2024-10-07,762341,0.684,521441,0.569,296699.929,1.531,454247.591,Mobile
2024-10-08,8540388,0.245,2092395,2.12,4435877.4,1.223,5425078.06,Desktop
2024-10-09,3655668,0.282,1030898,1.114,1148420.372,0.855,981899.418,Mobile
2024-10-10,9576081,0.187,1790727,0.868,1554351.036,1.048,1628959.886,Mobile
2024-10-10,5332354,0.45,2399559,1.806,4333603.554,1.035,4485279.678,Desktop
2024-10-11,775600,0.738,572392,1.832,1048622.144,1.191,1248908.974,Mobile
2024-10-12,7407861,0.4,2963144,0.962,2850544.528,1.137,3241069.128,Desktop
2024-10-13,25749,0.785,20212,0.828,16735.536,1.487,24885.742,Desktop
2024-10-13,15844,0.601,9522,1.306,12435.732,1.485,18467.062,Mobile
2024-10-14,4233410,0.462,1955835,1.367,2673626.445,0.788,2106817.639,Desktop
2024-10-15,7810488,0.321,2507166,0.104,260745.264,1.159,302203.761,Desktop
2024-10-16,6066434,0.169,1025227,1.703,1745961.581,1.212,2116105.436,Desktop
2024-10-16,1356943,0.523,709681,0.156,110710.236,1.172,129752.397,Desktop
2024-10-17,4241713,0.271,1149504,2.281,2622018.624,0.898,2354572.724,Desktop
2024-10-18,8933705,0.562,5020742,1.631,8188830.202,0.95,7779388.692,Mobile
2024-10-18,5691802,0.487,2771907,0.121,335400.747,1.189,398791.488,Desktop
2024-10-19,143233,0.708,101408,1.624,164686.592,1.462,240771.798,Mobile
2024-10-20,2465592,0.385,949252,2.026,1923184.552,1.481,2848236.322,Desktop
2024-10-21,344510,0.53,182590,0.956,174556.04,1.034,180490.945,Desktop
2024-10-21,8903356,0.386,3436695,0.316,1085995.62,1.152,1251066.954,Mobile
2024-10-22,9714805,0.579,5624872,1.393,7835446.696,1.244,9747295.69,Mobile
2024-10-23,8980842,0.318,2855907,1.776,5072090.832,1.025,5198893.103,Desktop
2024-10-24,9679672,0.712,6891926,0.408,2811905.808,1.424,4004153.871,Desktop
2024-10-24,1211396,0.516,625080,0.169,105638.52,1.529,161521.297,Desktop
2024-10-25,3555695,0.613,2179641,1.399,3049317.759,1.457,4442855.975,Mobile
2024-10-26,6177786,0.412,2545247,0.877,2232181.619,0.811,1810299.293,Desktop
2024-10-26,5985165,0.901,5392633,2.241,12084890.553,1.009,12193654.568,Mobile
2024-10-27,6021497,0.816,4913541,1.564,7684778.124,1.447,11119873.945,Desktop
2024-10-28,1198624,0.757,907358,2.249,2040648.142,0.885,1805973.606,Mobile
2024-10-29,8233899,0.87,7163492,0.182,1303755.544,0.761,992157.969,Mobile
2024-10-29,7519219,0.883,6639470,1.528,10145110.16,0.959,9729160.643,Mobile
2024-10-30,9327415,0.9,8394673,2.287,19198617.151,1.073,20600116.203,Desktop
2024-10-31,3025648,0.406,1228413,1.407,1728377.091,1.361,2352321.221,Desktop
2024-11-01,7770039,0.738,5734288,0.316,1812035.008,1.028,1862771.988,Desktop
2024-11-01,1574322,0.921,1449950,0.443,642327.85,1.499,962849.447,Mobile
2024-11-02,9755480,0.527,5141137,1.314,6755454.018,0.855,5775913.185,Mobile
2024-11-03,6511675,0.707,4603754,1.155,5317335.87,1.517,8066398.515,Mobile
2024-11-04,8575400,0.071,608853,0.631,384186.243,0.989,379960.194,Desktop
2024-11-04,7885372,0.646,5093950,1.547,7880340.65,0.997,7856699.628,Desktop
2024-11-05,1594569,0.22,350805,1.519,532872.795,1.484,790783.228,Desktop
2024-11-06,1612594,0.361,582146,1.784,1038548.464,1.03,1069704.918,Mobile
2024-11-06,1657879,0.211,349812,1.039,363454.668,1.107,402344.317,Mobile
2024-11-07,2655238,0.09,238971,1.538,367537.398,1.275,468610.182,Mobile
2024-11-08,759003,0.113,85767,1.185,101633.895,1.143,116167.542,Desktop
2024-11-09,7480873,0.218,1630830,2.163,3527485.29,1.024,3612144.937,Mobile
2024-11-09,1313700,0.322,423011,1.338,565988.718,1.453,822381.607,Mobile
2024-11-10,5100940,0.259,1321143,1.403,1853563.629,1.049,1944388.247,Mobile
2024-11-11,1031641,0.962,992438,0.976,968619.488,1.23,1191401.97,Desktop
2024-11-12,8924683,0.148,1320853,0.101,133406.153,0.8,106724.922,Mobile
2024-11-12,1220907,0.541,660510,0.574,379132.74,1.179,446997.5,Mobile
2024-11-13,1181403,0.834,985290,0.29,285734.1,1.403,400884.942,Mobile
2024-11-14,4617299,0.705,3255195,2.249,7320933.555,0.833,6098337.651,Desktop
2024-11-14,5116052,0.344,1759921,1.616,2844032.336,0.851,2420271.518,Mobile
2024-11-15,736169,0.429,315816,2.064,651844.224,0.79,514956.937,Desktop
2024-11-16,6385378,0.418,2669088,0.142,379010.496,0.795,301313.344,Desktop
2024-11-17,3971811,0.952,3781164,0.54,2041828.56,1.09,2225593.13,Desktop
2024-11-17,2919213,0.121,353224,1.118,394904.432,1.48,584458.559,Mobile
2024-11-18,2099303,0.993,2084607,1.822,3798153.954,0.784,2977752.7,Desktop
2024-11-19,2310829,0.436,1007521,2.169,2185313.049,1.34,2928319.486,Desktop
2024-11-20,7914002,0.879,6956407,0.893,6212071.451,1.48,9193865.747,Mobile
2024-11-20,780803,0.404,315444,1.965,619847.46,1.04,644641.358,Mobile
2024-11-21,8375545,0.146,1222829,1.442,1763319.418,1.541,2717275.223,Mobile
2024-11-22,3262951,0.047,153358,0.666,102136.428,1.395,142480.317,Mobile
2024-11-23,358188,0.411,147215,1.179,173566.485,1.065,184848.307,Mobile
2024-11-23,3121835,0.578,1804420,1.653,2982706.26,1.215,3623988.106,Desktop
2024-11-24,4714859,0.992,4677140,0.272,1272182.08,1.274,1620759.97,Mobile
2024-11-25,2130236,0.497,1058727,2.249,2381077.023,1.37,3262075.522,Mobile
2024-11-25,8970212,0.115,1031574,1.826,1883654.124,1.303,2454401.324,Mobile
2024-11-26,122150,0.072,8794,0.111,976.134,0.769,750.647,Desktop
2024-11-27,1029142,0.411,422977,0.506,214026.362,1.174,251266.949,Desktop
2024-11-28,1363083,0.918,1251310,2.163,2706583.53,1.19,3220834.401,Desktop
2024-11-28,6392242,0.591,3777815,0.561,2119354.215,1.277,2706415.333,Desktop
2024-11-29,6243610,0.098,611873,2.054,1256787.142,1.468,1844963.524,Mobile
2024-11-30,6251421,0.888,5551261,1.284,7127819.124,1.214,8653172.417,Mobile
2024-12-01,505682,0.772,390386,0.874,341197.364,0.856,292064.944,Mobile
2024-12-01,9729481,0.485,4718798,1.494,7049884.212,1.5,10574826.318,Mobile
2024-12-02,8886731,0.343,3048148,2.322,7077799.656,1.023,7240589.048,Desktop
2024-12-03,4423325,0.934,4131385,0.687,2838261.495,1.249,3544988.607,Desktop
2024-12-03,9049708,0.747,6760131,2.287,15460419.597,1.207,18660726.454,Mobile
2024-12-04,2115889,0.392,829428,1.945,1613237.46,1.17,1887487.828,Desktop
2024-12-05,6251760,0.332,2075584,0.185,383983.04,1.366,524520.833,Mobile
2024-12-06,463504,0.099,45886,2.041,93653.326,1.259,117909.537,Desktop
2024-12-06,7540102,0.443,3340265,1.522,5083883.33,1.196,6080324.463,Desktop
2024-12-07,7084420,0.571,4045203,1.624,6569409.672,1.429,9387686.421,Mobile
2024-12-08,6706958,0.862,5781397,1.868,10799649.596,1.189,12840783.37,Mobile
2024-12-09,6111143,0.452,2762236,0.406,1121467.816,1.377,1544261.183,Mobile
2024-12-09,7594875,1.0,7594875,0.575,4367053.125,1.295,5655333.797,Desktop
2024-12-10,9146976,0.591,5405862,1.172,6335670.264,1.505,9535183.747,Desktop
2024-12-11,7791243,0.298,2321790,0.707,1641505.53,1.363,2237372.037,Mobile
2024-12-12,1361949,0.744,1013290,1.334,1351728.86,1.34,1811316.672,Desktop
2024-12-12,1835066,0.178,326641,0.865,282544.465,1.253,354028.215,Mobile
2024-12-13,7763943,0.004,31055,0.366,11366.13,1.403,15946.68,Mobile
2024-12-14,5802515,0.122,707906,0.949,671802.794,1.176,790040.086,Mobile
2024-12-14,870596,0.56,487533,2.178,1061846.874,1.05,1114939.218,Desktop
2024-12-15,6629568,0.169,1120396,0.415,464964.34,1.131,525874.669,Mobile
2024-12-16,7097826,0.429,3044967,1.858,5657548.686,0.966,5465192.031,Mobile
2024-12-17,2958259,0.895,2647641,1.655,4381845.855,0.995,4359936.626,Desktop
2024-12-17,4672816,0.978,4570014,0.595,2719158.33,1.357,3689897.854,Mobile
2024-12-18,6781231,0.339,2298837,0.747,1717231.239,1.205,2069263.643,Desktop
2024-12-19,5954510,0.152,905085,0.94,850779.9,0.851,724013.695,Desktop
2024-12-20,2749896,0.886,2436407,1.155,2814050.085,1.384,3894645.318,Mobile
2024-12-20,7800249,0.783,6107594,0.467,2852246.398,0.844,2407295.96,Mobile
2024-12-21,1734020,0.345,598236,1.145,684980.22,1.47,1006920.923,Desktop
2024-12-22,3469702,0.384,1332365,2.276,3032462.74,1.005,3047625.054,Mobile
2024-12-22,2881889,0.301,867448,1.987,1723619.176,1.311,2259664.74,Desktop
2024-12-23,105399,0.108,11383,1.989,22640.787,1.417,32081.995,Desktop
2024-12-24,3446439,0.889,3063884,2.192,6716033.728,1.167,7837611.361,Mobile
2024-12-25,6537244,0.791,5170960,1.029,5320917.84,1.415,7529098.744,Mobile
2024-12-25,1415030,0.368,520731,1.42,739438.02,1.446,1069227.377,Desktop
2024-12-26,1115440,0.15,167316,0.724,121136.784,1.162,140760.943,Desktop
2024-12-27,1064662,0.744,792108,2.04,1615900.32,1.005,1623979.822,Desktop
2024-12-28,2563770,0.979,2509930,1.74,4367278.2,0.872,3808266.59,Mobile
2024-12-28,2702499,0.441,1191802,2.333,2780474.066,1.274,3542323.96,Desktop
2024-12-29,7682014,0.263,2020369,1.041,2103204.129,0.956,2010663.147,Mobile
2024-12-30,3590665,0.569,2043088,0.978,1998140.064,0.779,1556551.11,Mobile
2024-12-31,3547932,0.99,3512452,0.529,1858087.108,1.426,2649632.216,Desktop
